BRTH_YR,GNDR,ETHCTY,NM,CNT,RNK
2011,FEMALE,HISPANIC,ISABELLA,331,1
2011,FEMALE,WHITE,ESTHER,224,1
2011,FEMALE,ASIAN,SOPHIA,119,1
2011,FEMALE,BLACK ,MADISON,176,1
2011,FEMALE,HISPANIC,MIA,229,2
2011,FEMALE,WHITE,EMMA,213,2
2011,FEMALE,WHITE,OLIVIA,213,2
2011,FEMALE,ASIAN,CHLOE,106,2
2011,FEMALE,BLACK ,LONDON,92,2
2011,FEMALE,HISPANIC,SOPHIA,223,3
2011,FEMALE,WHITE,LEAH,183,3
2011,FEMALE,ASIAN,EMILY,93,3
2011,FEMALE,BLACK ,KAYLA,78,3
2011,FEMALE,WHITE,SOPHIA,180,4
2011,FEMALE,ASIAN,OLIVIA,89,4
2011,FEMALE,BLACK ,CHLOE,72,4
2011,FEMALE,HISPANIC,ASHLEY,190,4
2011,FEMALE,WHITE,CHAYA,178,5
2011,FEMALE,ASIAN,EMMA,75,5
2011,FEMALE,BLACK ,AALIYAH,69,5
2011,FEMALE,HISPANIC,CAMILA,188,5
2011,FEMALE,HISPANIC,SOFIA,165,6
2011,FEMALE,WHITE,SARAH,177,6
2011,FEMALE,ASIAN,ISABELLA,67,6
2011,FEMALE,BLACK ,MAKAYLA,67,6
2011,FEMALE,WHITE,RACHEL,171,7
2011,FEMALE,ASIAN,TIFFANY,54,7
2011,FEMALE,BLACK ,NEVAEH,60,7
2011,FEMALE,HISPANIC,EMILY,162,7
2011,FEMALE,HISPANIC,HAILEY,126,8
2011,FEMALE,WHITE,AVA,162,8
2011,FEMALE,ASIAN,ASHLEY,52,8
2011,FEMALE,BLACK ,GABRIELLE,55,8
2011,FEMALE,HISPANIC,LEAH,123,9
2011,FEMALE,WHITE,ISABELLA,160,9
2011,FEMALE,ASIAN,FIONA,48,9
2011,FEMALE,BLACK ,TAYLOR,53,9
2011,FEMALE,HISPANIC,MADISON,122,10
2011,FEMALE,WHITE,CHANA,132,10
2011,FEMALE,ASIAN,ANGELA,47,10
2011,FEMALE,BLACK ,JADA,52,10
2011,FEMALE,BLACK ,OLIVIA,52,10
2011,FEMALE,BLACK ,SERENITY,52,10
2011,FEMALE,HISPANIC,VICTORIA,114,11
2011,FEMALE,WHITE,MIRIAM,131,11
2011,FEMALE,ASIAN,VIVIAN,44,11
2011,FEMALE,BLACK ,ABIGAIL,51,11
2011,FEMALE,BLACK ,FATOUMATA,51,11
2011,FEMALE,HISPANIC,BRIANNA,114,11
2011,FEMALE,HISPANIC,EMMA,114,11
2011,FEMALE,HISPANIC,MELANIE,109,12
2011,FEMALE,WHITE,CHARLOTTE,127,12
2011,FEMALE,WHITE,ELLA,127,12
2011,FEMALE,ASIAN,MICHELLE,42,12
2011,FEMALE,BLACK ,FAITH,46,12
2011,FEMALE,HISPANIC,KIMBERLY,103,13
2011,FEMALE,WHITE,SOFIA,122,13
2011,FEMALE,ASIAN,JOANNA,38,13
2011,FEMALE,ASIAN,SARAH,38,13
2011,FEMALE,BLACK ,NYLA,43,13
2011,FEMALE,BLACK ,ZOE,43,13
2011,FEMALE,HISPANIC,SAMANTHA,100,14
2011,FEMALE,WHITE,EMILY,119,14
2011,FEMALE,ASIAN,MIA,36,14
2011,FEMALE,BLACK ,KHLOE,42,14
2011,FEMALE,BLACK ,NYLAH,42,14
2011,FEMALE,BLACK ,SAVANNAH,42,14
2011,FEMALE,WHITE,JULIA,116,15
2011,FEMALE,WHITE,MIA,116,15
2011,FEMALE,ASIAN,IVY,35,15
2011,FEMALE,BLACK ,AVA,40,15
2011,FEMALE,BLACK ,SARAH,40,15
2011,FEMALE,HISPANIC,GENESIS,94,15
2011,FEMALE,WHITE,RIVKA,113,16
2011,FEMALE,ASIAN,GRACE,33,16
2011,FEMALE,ASIAN,NICOLE,33,16
2011,FEMALE,BLACK ,LAILA,39,16
2011,FEMALE,BLACK ,LEAH,39,16
2011,FEMALE,HISPANIC,ALLISON,90,16
2011,FEMALE,WHITE,ALEXANDRA,109,17
2011,FEMALE,ASIAN,VICKY,32,17
2011,FEMALE,BLACK ,ARIANNA,38,17
2011,FEMALE,BLACK ,BRIANNA,38,17
2011,FEMALE,BLACK ,JAYLA,38,17
2011,FEMALE,BLACK ,NIA,38,17
2011,FEMALE,HISPANIC,AMY,87,17
2011,FEMALE,HISPANIC,OLIVIA,86,18
2011,FEMALE,WHITE,SARA,107,18
2011,FEMALE,ASIAN,JASMINE,31,18
2011,FEMALE,BLACK ,CHELSEA,37,18
2011,FEMALE,HISPANIC,GABRIELLA,86,18
2011,FEMALE,HISPANIC,VALENTINA,85,19
2011,FEMALE,WHITE,ABIGAIL,103,19
2011,FEMALE,ASIAN,ANNA,30,19
2011,FEMALE,BLACK ,MIA,36,19
2011,FEMALE,BLACK ,VICTORIA,36,19
2011,FEMALE,HISPANIC,KAYLEE,83,20
2011,FEMALE,WHITE,GABRIELLA,102,20
2011,FEMALE,ASIAN,ELAINE,28,20
2011,FEMALE,BLACK ,ALYSSA,35,20
2011,FEMALE,BLACK ,ANIYAH,35,20
2011,FEMALE,BLACK ,BRIELLE,35,20
2011,FEMALE,BLACK ,DESTINY,35,20
2011,FEMALE,BLACK ,ISABELLA,35,20
2011,FEMALE,WHITE,ELIZABETH,100,21
2011,FEMALE,ASIAN,ALICE,27,21
2011,FEMALE,ASIAN,CATHERINE,27,21
2011,FEMALE,ASIAN,CLAIRE,27,21
2011,FEMALE,ASIAN,JENNY,27,21
2011,FEMALE,ASIAN,MAYA,27,21
2011,FEMALE,BLACK ,NAOMI,34,21
2011,FEMALE,HISPANIC,ABIGAIL,80,21
2011,FEMALE,WHITE,CHLOE,95,22
2011,FEMALE,ASIAN,ALYSSA,26,22
2011,FEMALE,ASIAN,ANGELINA,26,22
2011,FEMALE,ASIAN,IRIS,26,22
2011,FEMALE,ASIAN,JESSICA,26,22
2011,FEMALE,ASIAN,SELINA,26,22
2011,FEMALE,ASIAN,TENZIN,26,22
2011,FEMALE,BLACK ,PAIGE,33,22
2011,FEMALE,HISPANIC,GABRIELA,78,22
2011,FEMALE,WHITE,MAYA,94,23
2011,FEMALE,ASIAN,ALINA,25,23
2011,FEMALE,ASIAN,ELLA,25,23
2011,FEMALE,ASIAN,SOPHIE,25,23
2011,FEMALE,ASIAN,WINNIE,25,23
2011,FEMALE,ASIAN,ZOE,25,23
2011,FEMALE,BLACK ,AMAYA,32,23
2011,FEMALE,BLACK ,ARIEL,32,23
2011,FEMALE,BLACK ,HEAVEN,32,23
2011,FEMALE,BLACK ,JASMINE,32,23
2011,FEMALE,BLACK ,MARIAM,32,23
2011,FEMALE,BLACK ,MYA,32,23
2011,FEMALE,BLACK ,PARIS,32,23
2011,FEMALE,HISPANIC,ARIANNA,77,23
2011,FEMALE,WHITE,GRACE,93,24
2011,FEMALE,ASIAN,ABIGAIL,24,24
2011,FEMALE,ASIAN,AMY,24,24
2011,FEMALE,ASIAN,FATIMA,24,24
2011,FEMALE,ASIAN,JULIA,24,24
2011,FEMALE,ASIAN,SARA,24,24
2011,FEMALE,BLACK ,HAILEY,31,24
2011,FEMALE,BLACK ,MORGAN,31,24
2011,FEMALE,HISPANIC,ANGELINA,72,24
2011,FEMALE,HISPANIC,NICOLE,71,25
2011,FEMALE,WHITE,ANNA,85,25
2011,FEMALE,ASIAN,AVA,23,25
2011,FEMALE,ASIAN,HANNAH,23,25
2011,FEMALE,ASIAN,SABRINA,23,25
2011,FEMALE,ASIAN,ZAINAB,23,25
2011,FEMALE,BLACK ,EMILY,30,25
2011,FEMALE,BLACK ,LAYLA,30,25
2011,FEMALE,BLACK ,SOPHIA,30,25
2011,FEMALE,WHITE,VICTORIA,84,26
2011,FEMALE,ASIAN,AMANDA,22,26
2011,FEMALE,ASIAN,ANGEL,22,26
2011,FEMALE,ASIAN,EVA,22,26
2011,FEMALE,ASIAN,JOYCE,22,26
2011,FEMALE,ASIAN,KAREN,22,26
2011,FEMALE,ASIAN,KELLY,22,26
2011,FEMALE,ASIAN,SAMANTHA,22,26
2011,FEMALE,ASIAN,STEPHANIE,22,26
2011,FEMALE,ASIAN,VICTORIA,22,26
2011,FEMALE,BLACK ,ZOEY,29,26
2011,FEMALE,HISPANIC,BELLA,67,26
2011,FEMALE,HISPANIC,LESLIE,66,27
2011,FEMALE,WHITE,GITTY,82,27
2011,FEMALE,ASIAN,KATHERINE,21,27
2011,FEMALE,ASIAN,KAYLA,21,27
2011,FEMALE,ASIAN,NINA,21,27
2011,FEMALE,BLACK ,IMANI,28,27
2011,FEMALE,BLACK ,MILAN,28,27
2011,FEMALE,BLACK ,TRINITY,28,27
2011,FEMALE,HISPANIC,SCARLETT,65,28
2011,FEMALE,HISPANIC,ZOE,65,28
2011,FEMALE,WHITE,LILY,81,28
2011,FEMALE,WHITE,ZOE,81,28
2011,FEMALE,ASIAN,ANNIE,20,28
2011,FEMALE,ASIAN,CHRISTINA,20,28
2011,FEMALE,ASIAN,IRENE,20,28
2011,FEMALE,ASIAN,KAYLEE,20,28
2011,FEMALE,ASIAN,NATALIE,20,28
2011,FEMALE,ASIAN,SHARON,20,28
2011,FEMALE,BLACK ,LAUREN,27,28
2011,FEMALE,BLACK ,SAMANTHA,27,28
2011,FEMALE,HISPANIC,ADRIANA,65,28
2011,FEMALE,WHITE,SAMANTHA,74,29
2011,FEMALE,ASIAN,AUDREY,19,29
2011,FEMALE,ASIAN,ERICA,19,29
2011,FEMALE,ASIAN,MADISON,19,29
2011,FEMALE,ASIAN,SOFIA,19,29
2011,FEMALE,ASIAN,ZAHRA,19,29
2011,FEMALE,BLACK ,AUTUMN,26,29
2011,FEMALE,BLACK ,SANAA,26,29
2011,FEMALE,HISPANIC,DANIELA,64,29
2011,FEMALE,WHITE,FAIGY,72,30
2011,FEMALE,ASIAN,EILEEN,18,30
2011,FEMALE,ASIAN,JENNIFER,18,30
2011,FEMALE,ASIAN,JESSIE,18,30
2011,FEMALE,ASIAN,KATIE,18,30
2011,FEMALE,ASIAN,PHOEBE,18,30
2011,FEMALE,ASIAN,RACHEL,18,30
2011,FEMALE,ASIAN,XIN,18,30
2011,FEMALE,BLACK ,AMINATA,25,30
2011,FEMALE,BLACK ,KAYLEE,25,30
2011,FEMALE,BLACK ,LONDYN,25,30
2011,FEMALE,BLACK ,MAYA,25,30
2011,FEMALE,BLACK ,MCKENZIE,25,30
2011,FEMALE,HISPANIC,AALIYAH,63,30
2011,FEMALE,HISPANIC,ALYSSA,63,30
2011,FEMALE,HISPANIC,ELIZABETH,63,30
2011,FEMALE,HISPANIC,EVELYN,63,30
2011,FEMALE,HISPANIC,KAYLA,62,31
2011,FEMALE,WHITE,HANNAH,71,31
2011,FEMALE,ASIAN,ALLISON,17,31
2011,FEMALE,ASIAN,AYESHA,17,31
2011,FEMALE,ASIAN,EVELYN,17,31
2011,FEMALE,ASIAN,MARYAM,17,31
2011,FEMALE,ASIAN,MILA,17,31
2011,FEMALE,ASIAN,SERENA,17,31
2011,FEMALE,BLACK ,FATIMA,24,31
2011,FEMALE,BLACK ,GABRIELLA,24,31
2011,FEMALE,BLACK ,HANNAH,24,31
2011,FEMALE,BLACK ,SYDNEY,24,31
2011,FEMALE,WHITE,STELLA,69,32
2011,FEMALE,ASIAN,BELLA,16,32
2011,FEMALE,ASIAN,HAILEY,16,32
2011,FEMALE,ASIAN,LEAH,16,32
2011,FEMALE,ASIAN,LILLIAN,16,32
2011,FEMALE,ASIAN,SYEDA,16,32
2011,FEMALE,ASIAN,WENDY,16,32
2011,FEMALE,BLACK ,ALIYAH,23,32
2011,FEMALE,BLACK ,KIMORA,23,32
2011,FEMALE,HISPANIC,ANDREA,61,32
2011,FEMALE,HISPANIC,ARIANA,61,32
2011,FEMALE,HISPANIC,KATHERINE,60,33
2011,FEMALE,WHITE,GIANNA,68,33
2011,FEMALE,ASIAN,ARIANA,15,33
2011,FEMALE,ASIAN,ELIZABETH,15,33
2011,FEMALE,ASIAN,JOCELYN,15,33
2011,FEMALE,ASIAN,LILY,15,33
2011,FEMALE,ASIAN,QUEENIE,15,33
2011,FEMALE,ASIAN,VANESSA,15,33
2011,FEMALE,BLACK ,AMIRAH,22,33
2011,FEMALE,BLACK ,ELIZABETH,22,33
2011,FEMALE,BLACK ,MARIAMA,22,33
2011,FEMALE,HISPANIC,CHLOE,60,33
2011,FEMALE,HISPANIC,JENNIFER,59,34
2011,FEMALE,HISPANIC,MARIA,59,34
2011,FEMALE,WHITE,SOPHIE,65,34
2011,FEMALE,ASIAN,AMELIA,14,34
2011,FEMALE,ASIAN,ANIKA,14,34
2011,FEMALE,ASIAN,CHARLOTTE,14,34
2011,FEMALE,ASIAN,CINDY,14,34
2011,FEMALE,ASIAN,CYNTHIA,14,34
2011,FEMALE,ASIAN,JANICE,14,34
2011,FEMALE,ASIAN,JOY,14,34
2011,FEMALE,ASIAN,KATELYN,14,34
2011,FEMALE,ASIAN,TINA,14,34
2011,FEMALE,ASIAN,ZARA,14,34
2011,FEMALE,BLACK ,KAITLYN,21,34
2011,FEMALE,BLACK ,MARIAH,21,34
2011,FEMALE,BLACK ,MIKAYLA,21,34
2011,FEMALE,BLACK ,SANAI,21,34
2011,FEMALE,HISPANIC,KHLOE,57,35
2011,FEMALE,WHITE,EVA,64,35
2011,FEMALE,ASIAN,ADA,13,35
2011,FEMALE,ASIAN,AISHA,13,35
2011,FEMALE,ASIAN,ALEXANDRA,13,35
2011,FEMALE,ASIAN,AMBER,13,35
2011,FEMALE,ASIAN,BRIANNA,13,35
2011,FEMALE,ASIAN,ERIN,13,35
2011,FEMALE,ASIAN,GIANNA,13,35
2011,FEMALE,ASIAN,JANNAT,13,35
2011,FEMALE,ASIAN,KHLOE,13,35
2011,FEMALE,ASIAN,LAUREN,13,35
2011,FEMALE,ASIAN,MELODY,13,35
2011,FEMALE,ASIAN,REBECCA,13,35
2011,FEMALE,ASIAN,SELENA,13,35
2011,FEMALE,ASIAN,YU,13,35
2011,FEMALE,BLACK ,AMIYAH,20,35
2011,FEMALE,BLACK ,ARIELLE,20,35
2011,FEMALE,BLACK ,DANIELLE,20,35
2011,FEMALE,BLACK ,HARMONY,20,35
2011,FEMALE,BLACK ,PEYTON,20,35
2011,FEMALE,BLACK ,SKYLAR,20,35
2011,FEMALE,WHITE,MALKA,63,36
2011,FEMALE,ASIAN,ALEENA,12,36
2011,FEMALE,ASIAN,ALIYAH,12,36
2011,FEMALE,ASIAN,ARIA,12,36
2011,FEMALE,ASIAN,ARYA,12,36
2011,FEMALE,ASIAN,CECILIA,12,36
2011,FEMALE,ASIAN,CHRISTY,12,36
2011,FEMALE,ASIAN,DIYA,12,36
2011,FEMALE,ASIAN,ELENA,12,36
2011,FEMALE,ASIAN,ERIKA,12,36
2011,FEMALE,ASIAN,ISABEL,12,36
2011,FEMALE,ASIAN,JIA,12,36
2011,FEMALE,ASIAN,MANDY,12,36
2011,FEMALE,ASIAN,MINA,12,36
2011,FEMALE,ASIAN,SHIRLEY,12,36
2011,FEMALE,BLACK ,AMELIA,19,36
2011,FEMALE,BLACK ,ANIYA,19,36
2011,FEMALE,BLACK ,KYLIE,19,36
2011,FEMALE,BLACK ,SKYLA,19,36
2011,FEMALE,BLACK ,TIANA,19,36
2011,FEMALE,HISPANIC,ALEXA,55,36
2011,FEMALE,WHITE,AMELIA,62,37
2011,FEMALE,ASIAN,ARIANNA,11,37
2011,FEMALE,ASIAN,CHRISTINE,11,37
2011,FEMALE,ASIAN,DAISY,11,37
2011,FEMALE,ASIAN,ELINA,11,37
2011,FEMALE,ASIAN,ESHAL,11,37
2011,FEMALE,ASIAN,ISABELLE,11,37
2011,FEMALE,ASIAN,KAITLYN,11,37
2011,FEMALE,ASIAN,KYLIE,11,37
2011,FEMALE,ASIAN,RAINA,11,37
2011,FEMALE,ASIAN,STELLA,11,37
2011,FEMALE,BLACK ,ALANA,18,37
2011,FEMALE,BLACK ,AMBER,18,37
2011,FEMALE,BLACK ,JADE,18,37
2011,FEMALE,BLACK ,MELANIE,18,37
2011,FEMALE,BLACK ,SAMIYAH,18,37
2011,FEMALE,HISPANIC,AVA,54,37
2011,FEMALE,HISPANIC,SARAH,53,38
2011,FEMALE,HISPANIC,VALERIE,53,38
2011,FEMALE,WHITE,MALKY,59,38
2011,FEMALE,ASIAN,AIZA,10,38
2011,FEMALE,ASIAN,ALEXA,10,38
2011,FEMALE,ASIAN,ALISHA,10,38
2011,FEMALE,ASIAN,ANGIE,10,38
2011,FEMALE,ASIAN,ANNABELLE,10,38
2011,FEMALE,ASIAN,BONNIE,10,38
2011,FEMALE,ASIAN,HELEN,10,38
2011,FEMALE,ASIAN,KATE,10,38
2011,FEMALE,ASIAN,LEELA,10,38
2011,FEMALE,ASIAN,MAGGIE,10,38
2011,FEMALE,ASIAN,MEGAN,10,38
2011,FEMALE,ASIAN,RENEE,10,38
2011,FEMALE,ASIAN,TANISHA,10,38
2011,FEMALE,BLACK ,AMANDA,17,38
2011,FEMALE,BLACK ,CHRISTINA,17,38
2011,FEMALE,BLACK ,MALIA,17,38
2011,FEMALE,BLACK ,SARIAH,17,38
2011,FEMALE,BLACK ,TAMIA,17,38
2011,FEMALE,HISPANIC,LAYLA,52,39
2011,FEMALE,WHITE,MADISON,57,39
2011,FEMALE,BLACK ,ANGEL,16,39
2011,FEMALE,BLACK ,ASHLEY,16,39
2011,FEMALE,BLACK ,AUBREY,16,39
2011,FEMALE,BLACK ,JAYDA,16,39
2011,FEMALE,BLACK ,JORDYN,16,39
2011,FEMALE,BLACK ,NADIA,16,39
2011,FEMALE,BLACK ,PRINCESS,16,39
2011,FEMALE,BLACK ,SADE,16,39
2011,FEMALE,BLACK ,TORI,16,39
2011,FEMALE,HISPANIC,JAYLEEN,51,40
2011,FEMALE,HISPANIC,MICHELLE,51,40
2011,FEMALE,WHITE,ALEXA,54,40
2011,FEMALE,WHITE,REBECCA,54,40
2011,FEMALE,BLACK ,AMANI,15,40
2011,FEMALE,BLACK ,AMIRA,15,40
2011,FEMALE,BLACK ,DAKOTA,15,40
2011,FEMALE,BLACK ,EGYPT,15,40
2011,FEMALE,BLACK ,EMMA,15,40
2011,FEMALE,BLACK ,FANTA,15,40
2011,FEMALE,BLACK ,GENESIS,15,40
2011,FEMALE,BLACK ,GRACE,15,40
2011,FEMALE,BLACK ,HAWA,15,40
2011,FEMALE,BLACK ,RILEY,15,40
2011,FEMALE,BLACK ,SARAI,15,40
2011,FEMALE,BLACK ,SHILOH,15,40
2011,FEMALE,BLACK ,SKYE,15,40
2011,FEMALE,BLACK ,SUMMER,15,40
2011,FEMALE,HISPANIC,DIANA,51,40
2011,FEMALE,HISPANIC,JADE,50,41
2011,FEMALE,HISPANIC,MELISSA,50,41
2011,FEMALE,HISPANIC,NATALIA,50,41
2011,FEMALE,HISPANIC,STEPHANIE,50,41
2011,FEMALE,WHITE,AVERY,52,41
2011,FEMALE,WHITE,CAROLINE,52,41
2011,FEMALE,BLACK ,AICHA,14,41
2011,FEMALE,BLACK ,AMINA,14,41
2011,FEMALE,BLACK ,KALIYAH,14,41
2011,FEMALE,BLACK ,MALIYAH,14,41
2011,FEMALE,BLACK ,SASHA,14,41
2011,FEMALE,BLACK ,SHANIA,14,41
2011,FEMALE,BLACK ,ZARIAH,14,41
2011,FEMALE,HISPANIC,EMELY,50,41
2011,FEMALE,HISPANIC,GIANNA,49,42
2011,FEMALE,HISPANIC,MAYA,49,42
2011,FEMALE,WHITE,RAIZY,51,42
2011,FEMALE,BLACK ,ADDISON,13,42
2011,FEMALE,BLACK ,AISSATOU,13,42
2011,FEMALE,BLACK ,ALEXIS,13,42
2011,FEMALE,BLACK ,ARIA,13,42
2011,FEMALE,BLACK ,ARIANA,13,42
2011,FEMALE,BLACK ,JANIYA,13,42
2011,FEMALE,BLACK ,KENNEDY,13,42
2011,FEMALE,BLACK ,KIARA,13,42
2011,FEMALE,BLACK ,LEILANI,13,42
2011,FEMALE,BLACK ,LYRIC,13,42
2011,FEMALE,BLACK ,MICHELLE,13,42
2011,FEMALE,BLACK ,NAHLA,13,42
2011,FEMALE,BLACK ,SANIYA,13,42
2011,FEMALE,BLACK ,SANIYAH,13,42
2011,FEMALE,BLACK ,SYMPHONY,13,42
2011,FEMALE,BLACK ,TIANNA,13,42
2011,FEMALE,BLACK ,ZARIA,13,42
2011,FEMALE,WHITE,ALICE,50,43
2011,FEMALE,WHITE,ANGELINA,50,43
2011,FEMALE,BLACK ,ANAYA,12,43
2011,FEMALE,BLACK ,BROOKE,12,43
2011,FEMALE,BLACK ,CAMILLE,12,43
2011,FEMALE,BLACK ,FATOU,12,43
2011,FEMALE,BLACK ,JANIYAH,12,43
2011,FEMALE,BLACK ,KENDRA,12,43
2011,FEMALE,BLACK ,KYLA,12,43
2011,FEMALE,BLACK ,NATALIA,12,43
2011,FEMALE,BLACK ,REBECCA,12,43
2011,FEMALE,BLACK ,TARAJI,12,43
2011,FEMALE,HISPANIC,ALEXANDRA,47,43
2011,FEMALE,HISPANIC,EVA,47,43
2011,FEMALE,HISPANIC,JESSICA,46,44
2011,FEMALE,HISPANIC,JOCELYN,46,44
2011,FEMALE,HISPANIC,NATALIE,46,44
2011,FEMALE,WHITE,SHAINDY,48,44
2011,FEMALE,BLACK ,ALICIA,11,44
2011,FEMALE,BLACK ,ANGELINA,11,44
2011,FEMALE,BLACK ,DYLAN,11,44
2011,FEMALE,BLACK ,EDEN,11,44
2011,FEMALE,BLACK ,ESSENCE,11,44
2011,FEMALE,BLACK ,EVA,11,44
2011,FEMALE,BLACK ,JANELLE,11,44
2011,FEMALE,BLACK ,KELSEY,11,44
2011,FEMALE,BLACK ,NATALIE,11,44
2011,FEMALE,BLACK ,SAMARA,11,44
2011,FEMALE,BLACK ,SHANIYA,11,44
2011,FEMALE,BLACK ,ZARA,11,44
2011,FEMALE,HISPANIC,VALERIA,45,45
2011,FEMALE,WHITE,LILLIAN,47,45
2011,FEMALE,WHITE,LUCY,47,45
2011,FEMALE,BLACK ,AISHA,10,45
2011,FEMALE,BLACK ,CHEYENNE,10,45
2011,FEMALE,BLACK ,ERIN,10,45
2011,FEMALE,BLACK ,JALIYAH,10,45
2011,FEMALE,BLACK ,JULIA,10,45
2011,FEMALE,BLACK ,KAI,10,45
2011,FEMALE,BLACK ,KAMIYAH,10,45
2011,FEMALE,BLACK ,KENYA,10,45
2011,FEMALE,BLACK ,MACKENZIE,10,45
2011,FEMALE,BLACK ,MARYAM,10,45
2011,FEMALE,BLACK ,NANA,10,45
2011,FEMALE,BLACK ,RACHEL,10,45
2011,FEMALE,BLACK ,SAMIYA,10,45
2011,FEMALE,BLACK ,SORAYA,10,45
2011,FEMALE,BLACK ,TABITHA,10,45
2011,FEMALE,BLACK ,ZAHARA,10,45
2011,FEMALE,BLACK ,ZANIYAH,10,45
2011,FEMALE,BLACK ,ZURI,10,45
2011,FEMALE,WHITE,CHAVA,46,46
2011,FEMALE,WHITE,NAOMI,46,46
2011,FEMALE,HISPANIC,CHELSEA,43,46
2011,FEMALE,HISPANIC,VANESSA,42,47
2011,FEMALE,WHITE,KAYLA,45,47
2011,FEMALE,WHITE,NICOLE,45,47
2011,FEMALE,HISPANIC,JASMINE,41,48
2011,FEMALE,HISPANIC,KAREN,41,48
2011,FEMALE,HISPANIC,KELLY,41,48
2011,FEMALE,WHITE,DEVORAH,44,48
2011,FEMALE,WHITE,KATHERINE,44,48
2011,FEMALE,WHITE,RIVKY,43,49
2011,FEMALE,HISPANIC,ANGELICA,40,49
2011,FEMALE,WHITE,DANIELLA,41,50
2011,FEMALE,WHITE,DINA,41,50
2011,FEMALE,WHITE,GIULIANA,41,50
2011,FEMALE,HISPANIC,DANNA,39,50
2011,FEMALE,HISPANIC,GISELLE,38,51
2011,FEMALE,HISPANIC,SAVANNAH,38,51
2011,FEMALE,WHITE,BAILA,40,51
2011,FEMALE,WHITE,NATALIE,40,51
2011,FEMALE,HISPANIC,KYLIE,37,52
2011,FEMALE,HISPANIC,SERENITY,37,52
2011,FEMALE,WHITE,ELEANOR,39,52
2011,FEMALE,WHITE,EVELYN,39,52
2011,FEMALE,WHITE,MADELINE,39,52
2011,FEMALE,WHITE,MARIA,39,52
2011,FEMALE,WHITE,NINA,39,52
2011,FEMALE,WHITE,TOBY,39,52
2011,FEMALE,HISPANIC,GRACE,36,53
2011,FEMALE,HISPANIC,KAMILA,36,53
2011,FEMALE,HISPANIC,KIARA,36,53
2011,FEMALE,WHITE,CHANY,38,53
2011,FEMALE,WHITE,JULIANA,38,53
2011,FEMALE,WHITE,PENELOPE,38,53
2011,FEMALE,WHITE,SIENNA,38,53
2011,FEMALE,WHITE,VIOLET,38,53
2011,FEMALE,WHITE,HINDY,37,54
2011,FEMALE,HISPANIC,DESTINY,34,54
2011,FEMALE,HISPANIC,ELIANA,34,54
2011,FEMALE,HISPANIC,JAYLA,33,55
2011,FEMALE,HISPANIC,LEILANI,33,55
2011,FEMALE,HISPANIC,MARIAH,33,55
2011,FEMALE,WHITE,ELIANA,36,55
2011,FEMALE,WHITE,JULIET,36,55
2011,FEMALE,WHITE,MOLLY,36,55
2011,FEMALE,HISPANIC,AMELIA,33,55
2011,FEMALE,HISPANIC,ANA,33,55
2011,FEMALE,HISPANIC,MAKAYLA,32,56
2011,FEMALE,HISPANIC,NEVAEH,32,56
2011,FEMALE,WHITE,CLAIRE,35,56
2011,FEMALE,WHITE,MICHELLE,35,56
2011,FEMALE,WHITE,ROSE,35,56
2011,FEMALE,WHITE,SYDNEY,35,56
2011,FEMALE,HISPANIC,ALISON,32,56
2011,FEMALE,HISPANIC,BRIANA,32,56
2011,FEMALE,HISPANIC,ELLA,32,56
2011,FEMALE,HISPANIC,KAITLYN,31,57
2011,FEMALE,WHITE,HAILEY,34,57
2011,FEMALE,WHITE,ISABEL,34,57
2011,FEMALE,WHITE,LILA,34,57
2011,FEMALE,WHITE,NOA,34,57
2011,FEMALE,WHITE,SABRINA,34,57
2011,FEMALE,HISPANIC,AMAYA,31,57
2011,FEMALE,HISPANIC,JACQUELINE,30,58
2011,FEMALE,HISPANIC,JOSELYN,30,58
2011,FEMALE,HISPANIC,LIZBETH,30,58
2011,FEMALE,WHITE,BEATRICE,33,58
2011,FEMALE,WHITE,BROOKE,33,58
2011,FEMALE,WHITE,CATHERINE,33,58
2011,FEMALE,WHITE,EMILIA,33,58
2011,FEMALE,WHITE,FRANCESCA,33,58
2011,FEMALE,WHITE,GOLDY,33,58
2011,FEMALE,WHITE,JOSEPHINE,33,58
2011,FEMALE,HISPANIC,AMANDA,30,58
2011,FEMALE,HISPANIC,ANGELIQUE,30,58
2011,FEMALE,HISPANIC,DAISY,30,58
2011,FEMALE,HISPANIC,LAILA,29,59
2011,FEMALE,HISPANIC,MYA,29,59
2011,FEMALE,HISPANIC,SARA,29,59
2011,FEMALE,HISPANIC,SCARLET,29,59
2011,FEMALE,WHITE,BRIANNA,32,59
2011,FEMALE,WHITE,SADIE,32,59
2011,FEMALE,WHITE,YITTY,32,59
2011,FEMALE,HISPANIC,DELILAH,29,59
2011,FEMALE,HISPANIC,ISABEL,28,60
2011,FEMALE,HISPANIC,LILIANA,28,60
2011,FEMALE,WHITE,MILA,31,60
2011,FEMALE,WHITE,SCARLETT,31,60
2011,FEMALE,WHITE,VALENTINA,31,60
2011,FEMALE,HISPANIC,DANIELLA,28,60
2011,FEMALE,HISPANIC,ITZEL,27,61
2011,FEMALE,HISPANIC,KATE,27,61
2011,FEMALE,HISPANIC,LONDON,27,61
2011,FEMALE,HISPANIC,ZOEY,27,61
2011,FEMALE,WHITE,FIONA,30,61
2011,FEMALE,WHITE,HARPER,30,61
2011,FEMALE,WHITE,VIVIAN,30,61
2011,FEMALE,HISPANIC,ESMERALDA,27,61
2011,FEMALE,HISPANIC,GUADALUPE,26,62
2011,FEMALE,HISPANIC,LIA,26,62
2011,FEMALE,HISPANIC,MIKAYLA,26,62
2011,FEMALE,HISPANIC,NATHALIE,26,62
2011,FEMALE,WHITE,ADRIANA,29,62
2011,FEMALE,WHITE,LAYLA,29,62
2011,FEMALE,WHITE,LEA,29,62
2011,FEMALE,WHITE,LENA,29,62
2011,FEMALE,WHITE,LILIANA,29,62
2011,FEMALE,HISPANIC,ADRIANNA,26,62
2011,FEMALE,HISPANIC,CRYSTAL,26,62
2011,FEMALE,HISPANIC,KARLA,25,63
2011,FEMALE,HISPANIC,LUZ,25,63
2011,FEMALE,HISPANIC,RACHEL,25,63
2011,FEMALE,HISPANIC,SABRINA,25,63
2011,FEMALE,WHITE,ALYSSA,28,63
2011,FEMALE,WHITE,ARIANNA,28,63
2011,FEMALE,WHITE,CLARA,28,63
2011,FEMALE,WHITE,JULIANNA,28,63
2011,FEMALE,WHITE,RILEY,28,63
2011,FEMALE,WHITE,RUBY,28,63
2011,FEMALE,HISPANIC,AMBER,25,63
2011,FEMALE,HISPANIC,AUBREY,25,63
2011,FEMALE,HISPANIC,FAITH,25,63
2011,FEMALE,HISPANIC,JAZMIN,24,64
2011,FEMALE,HISPANIC,LUNA,24,64
2011,FEMALE,HISPANIC,SARAI,24,64
2011,FEMALE,HISPANIC,TIFFANY,24,64
2011,FEMALE,WHITE,ALEXIS,27,64
2011,FEMALE,WHITE,ANNABELLE,27,64
2011,FEMALE,WHITE,ARIANA,27,64
2011,FEMALE,WHITE,JANE,27,64
2011,FEMALE,HISPANIC,ALICIA,24,64
2011,FEMALE,HISPANIC,BIANCA,24,64
2011,FEMALE,HISPANIC,IZABELLA,23,65
2011,FEMALE,HISPANIC,KATELYN,23,65
2011,FEMALE,HISPANIC,MELODY,23,65
2011,FEMALE,WHITE,ARIELLA,26,65
2011,FEMALE,WHITE,AUDREY,26,65
2011,FEMALE,WHITE,ELLIE,26,65
2011,FEMALE,WHITE,FRAIDY,26,65
2011,FEMALE,WHITE,GEORGIA,26,65
2011,FEMALE,WHITE,GIA,26,65
2011,FEMALE,WHITE,LAUREN,26,65
2011,FEMALE,WHITE,PESSY,26,65
2011,FEMALE,WHITE,TALIA,26,65
2011,FEMALE,HISPANIC,JAYLENE,22,66
2011,FEMALE,HISPANIC,JULIA,22,66
2011,FEMALE,HISPANIC,NAOMI,22,66
2011,FEMALE,HISPANIC,YARETZI,22,66
2011,FEMALE,WHITE,ELIZA,25,66
2011,FEMALE,WHITE,ISABELLE,25,66
2011,FEMALE,WHITE,MARGARET,25,66
2011,FEMALE,WHITE,NECHAMA,25,66
2011,FEMALE,WHITE,TAYLOR,25,66
2011,FEMALE,WHITE,YIDES,25,66
2011,FEMALE,WHITE,ZISSY,25,66
2011,FEMALE,HISPANIC,ALIYAH,22,66
2011,FEMALE,HISPANIC,BRITTANY,22,66
2011,FEMALE,HISPANIC,DAYANA,22,66
2011,FEMALE,HISPANIC,GIA,21,67
2011,FEMALE,HISPANIC,JADA,21,67
2011,FEMALE,HISPANIC,JULIANNA,21,67
2011,FEMALE,HISPANIC,LAUREN,21,67
2011,FEMALE,HISPANIC,LILY,21,67
2011,FEMALE,HISPANIC,RIHANNA,21,67
2011,FEMALE,HISPANIC,SKYLA,21,67
2011,FEMALE,WHITE,BRACHA,24,67
2011,FEMALE,WHITE,EDEN,24,67
2011,FEMALE,WHITE,ELOISE,24,67
2011,FEMALE,WHITE,MADELEINE,24,67
2011,FEMALE,WHITE,MINDY,24,67
2011,FEMALE,HISPANIC,AILEEN,21,67
2011,FEMALE,HISPANIC,JASMIN,20,68
2011,FEMALE,HISPANIC,JULIET,20,68
2011,FEMALE,HISPANIC,KAILEY,20,68
2011,FEMALE,HISPANIC,LEILA,20,68
2011,FEMALE,HISPANIC,LUCIA,20,68
2011,FEMALE,HISPANIC,NATHALY,20,68
2011,FEMALE,HISPANIC,RUBY,20,68
2011,FEMALE,WHITE,BLIMY,23,68
2011,FEMALE,WHITE,GITTEL,23,68
2011,FEMALE,WHITE,JULIETTE,23,68
2011,FEMALE,WHITE,LAILA,23,68
2011,FEMALE,WHITE,LIA,23,68
2011,FEMALE,WHITE,LIBBY,23,68
2011,FEMALE,WHITE,LUCIA,23,68
2011,FEMALE,WHITE,NORA,23,68
2011,FEMALE,WHITE,PEARL,23,68
2011,FEMALE,WHITE,PHOEBE,23,68
2011,FEMALE,WHITE,YEHUDIS,23,68
2011,FEMALE,HISPANIC,ANGELA,20,68
2011,FEMALE,HISPANIC,DULCE,20,68
2011,FEMALE,HISPANIC,KAYLEEN,19,69
2011,FEMALE,HISPANIC,MILA,19,69
2011,FEMALE,WHITE,ADELE,22,69
2011,FEMALE,WHITE,ALIZA,22,69
2011,FEMALE,WHITE,BELLA,22,69
2011,FEMALE,WHITE,EVE,22,69
2011,FEMALE,WHITE,JENNA,22,69
2011,FEMALE,WHITE,JESSICA,22,69
2011,FEMALE,WHITE,LOLA,22,69
2011,FEMALE,WHITE,ROCHEL,22,69
2011,FEMALE,WHITE,SHIRA,22,69
2011,FEMALE,WHITE,SHOSHANA,22,69
2011,FEMALE,WHITE,VERONICA,22,69
2011,FEMALE,HISPANIC,ALLYSON,19,69
2011,FEMALE,HISPANIC,ANGIE,19,69
2011,FEMALE,HISPANIC,ISABELLE,18,70
2011,FEMALE,HISPANIC,LIANA,18,70
2011,FEMALE,HISPANIC,XIMENA,18,70
2011,FEMALE,WHITE,LYLA,21,70
2011,FEMALE,WHITE,MAEVE,21,70
2011,FEMALE,WHITE,VIVIENNE,21,70
2011,FEMALE,WHITE,YAEL,21,70
2011,FEMALE,WHITE,ZOEY,21,70
2011,FEMALE,HISPANIC,DANA,18,70
2011,FEMALE,HISPANIC,HANNAH,17,71
2011,FEMALE,HISPANIC,HAYLEE,17,71
2011,FEMALE,HISPANIC,KEILY,17,71
2011,FEMALE,HISPANIC,MIAH,17,71
2011,FEMALE,HISPANIC,MILEY,17,71
2011,FEMALE,HISPANIC,NAYELI,17,71
2011,FEMALE,HISPANIC,SIENNA,17,71
2011,FEMALE,WHITE,ALESSANDRA,20,71
2011,FEMALE,WHITE,ASHLEY,20,71
2011,FEMALE,WHITE,BATSHEVA,20,71
2011,FEMALE,WHITE,BLIMA,20,71
2011,FEMALE,WHITE,DYLAN,20,71
2011,FEMALE,WHITE,JACQUELINE,20,71
2011,FEMALE,WHITE,LIBA,20,71
2011,FEMALE,WHITE,MORGAN,20,71
2011,FEMALE,WHITE,NATALIA,20,71
2011,FEMALE,WHITE,RAIZEL,20,71
2011,FEMALE,WHITE,SHIFRA,20,71
2011,FEMALE,WHITE,SURY,20,71
2011,FEMALE,WHITE,YOCHEVED,20,71
2011,FEMALE,HISPANIC,ANALIA,17,71
2011,FEMALE,HISPANIC,ARIEL,17,71
2011,FEMALE,HISPANIC,BRENDA,17,71
2011,FEMALE,HISPANIC,ELISA,17,71
2011,FEMALE,HISPANIC,HEIDY,16,72
2011,FEMALE,HISPANIC,JAZLYN,16,72
2011,FEMALE,HISPANIC,JULIANA,16,72
2011,FEMALE,HISPANIC,JULISSA,16,72
2011,FEMALE,HISPANIC,LESLY,16,72
2011,FEMALE,HISPANIC,MADELYN,16,72
2011,FEMALE,HISPANIC,NYLA,16,72
2011,FEMALE,HISPANIC,ROSELYN,16,72
2011,FEMALE,WHITE,ADDISON,19,72
2011,FEMALE,WHITE,ADINA,19,72
2011,FEMALE,WHITE,ANASTASIA,19,72
2011,FEMALE,WHITE,BRUCHA,19,72
2011,FEMALE,WHITE,ELENA,19,72
2011,FEMALE,WHITE,GABRIELA,19,72
2011,FEMALE,WHITE,SIMA,19,72
2011,FEMALE,WHITE,VERA,19,72
2011,FEMALE,HISPANIC,ALEJANDRA,16,72
2011,FEMALE,HISPANIC,ALICE,16,72
2011,FEMALE,HISPANIC,ALONDRA,16,72
2011,FEMALE,HISPANIC,AURORA,16,72
2011,FEMALE,HISPANIC,AYLIN,16,72
2011,FEMALE,HISPANIC,BRYANNA,16,72
2011,FEMALE,HISPANIC,DENISE,16,72
2011,FEMALE,HISPANIC,ELENA,16,72
2011,FEMALE,HISPANIC,HEAVEN,15,73
2011,FEMALE,HISPANIC,HEIDI,15,73
2011,FEMALE,HISPANIC,JULIETTE,15,73
2011,FEMALE,HISPANIC,KAYLIE,15,73
2011,FEMALE,HISPANIC,MADELINE,15,73
2011,FEMALE,HISPANIC,SELENA,15,73
2011,FEMALE,HISPANIC,SHIRLEY,15,73
2011,FEMALE,WHITE,ADRIANNA,18,73
2011,FEMALE,WHITE,AVIVA,18,73
2011,FEMALE,WHITE,ESTY,18,73
2011,FEMALE,WHITE,HAZEL,18,73
2011,FEMALE,WHITE,HENNY,18,73
2011,FEMALE,WHITE,LAURA,18,73
2011,FEMALE,WHITE,MACKENZIE,18,73
2011,FEMALE,HISPANIC,ALISSON,15,73
2011,FEMALE,HISPANIC,ERIKA,15,73
2011,FEMALE,HISPANIC,ESTRELLA,15,73
2011,FEMALE,HISPANIC,HALEY,14,74
2011,FEMALE,HISPANIC,JAZMINE,14,74
2011,FEMALE,HISPANIC,LAURA,14,74
2011,FEMALE,HISPANIC,MELANY,14,74
2011,FEMALE,HISPANIC,MIKAELA,14,74
2011,FEMALE,HISPANIC,NADIA,14,74
2011,FEMALE,HISPANIC,PENELOPE,14,74
2011,FEMALE,HISPANIC,VIOLET,14,74
2011,FEMALE,WHITE,AMINA,17,74
2011,FEMALE,WHITE,DEVORA,17,74
2011,FEMALE,WHITE,ELLE,17,74
2011,FEMALE,WHITE,KAITLYN,17,74
2011,FEMALE,WHITE,KATE,17,74
2011,FEMALE,WHITE,LIANA,17,74
2011,FEMALE,WHITE,MARIAM,17,74
2011,FEMALE,WHITE,SALMA,17,74
2011,FEMALE,WHITE,SKYLAR,17,74
2011,FEMALE,WHITE,SLOANE,17,74
2011,FEMALE,HISPANIC,ANIYAH,14,74
2011,FEMALE,HISPANIC,ARIELLA,14,74
2011,FEMALE,HISPANIC,AYLEEN,14,74
2011,FEMALE,HISPANIC,EILEEN,14,74
2011,FEMALE,HISPANIC,ESTHER,14,74
2011,FEMALE,HISPANIC,FERNANDA,14,74
2011,FEMALE,HISPANIC,GABRIELLE,14,74
2011,FEMALE,HISPANIC,GERALDINE,13,75
2011,FEMALE,HISPANIC,HAYLEY,13,75
2011,FEMALE,HISPANIC,HELEN,13,75
2011,FEMALE,HISPANIC,ISIS,13,75
2011,FEMALE,HISPANIC,JAYLIN,13,75
2011,FEMALE,HISPANIC,KRYSTAL,13,75
2011,FEMALE,HISPANIC,NATALY,13,75
2011,FEMALE,HISPANIC,SHERLYN,13,75
2011,FEMALE,HISPANIC,TAYLOR,13,75
2011,FEMALE,WHITE,AHUVA,16,75
2011,FEMALE,WHITE,CECILIA,16,75
2011,FEMALE,WHITE,EMERSON,16,75
2011,FEMALE,WHITE,FAIGA,16,75
2011,FEMALE,WHITE,FRADEL,16,75
2011,FEMALE,WHITE,MARY,16,75
2011,FEMALE,WHITE,MICHAL,16,75
2011,FEMALE,WHITE,SASHA,16,75
2011,FEMALE,WHITE,SAVANNAH,16,75
2011,FEMALE,WHITE,SERENA,16,75
2011,FEMALE,WHITE,SHAINA,16,75
2011,FEMALE,WHITE,SIENA,16,75
2011,FEMALE,WHITE,SUMMER,16,75
2011,FEMALE,HISPANIC,AISHA,13,75
2011,FEMALE,HISPANIC,ALESSANDRA,13,75
2011,FEMALE,HISPANIC,ANNA,13,75
2011,FEMALE,HISPANIC,ANNABELLE,13,75
2011,FEMALE,HISPANIC,APRIL,13,75
2011,FEMALE,HISPANIC,ASHLY,13,75
2011,FEMALE,HISPANIC,CINDY,13,75
2011,FEMALE,HISPANIC,JANELLE,12,76
2011,FEMALE,HISPANIC,JAYLAH,12,76
2011,FEMALE,HISPANIC,JOHANNA,12,76
2011,FEMALE,HISPANIC,KATIE,12,76
2011,FEMALE,HISPANIC,KAYLIN,12,76
2011,FEMALE,HISPANIC,KEYLA,12,76
2011,FEMALE,HISPANIC,LESLEY,12,76
2011,FEMALE,HISPANIC,LINDSAY,12,76
2011,FEMALE,HISPANIC,MARIANA,12,76
2011,FEMALE,HISPANIC,PERLA,12,76
2011,FEMALE,HISPANIC,RILEY,12,76
2011,FEMALE,HISPANIC,SAMARA,12,76
2011,FEMALE,HISPANIC,SKYLAR,12,76
2011,FEMALE,HISPANIC,SOPHIE,12,76
2011,FEMALE,HISPANIC,WENDY,12,76
2011,FEMALE,WHITE,ALLISON,15,76
2011,FEMALE,WHITE,AMANDA,15,76
2011,FEMALE,WHITE,AMELIE,15,76
2011,FEMALE,WHITE,BATYA,15,76
2011,FEMALE,WHITE,BREINDY,15,76
2011,FEMALE,WHITE,BROOKLYN,15,76
2011,FEMALE,WHITE,DAHLIA,15,76
2011,FEMALE,WHITE,DANIELLE,15,76
2011,FEMALE,WHITE,ERIN,15,76
2011,FEMALE,WHITE,ETTY,15,76
2011,FEMALE,WHITE,GABRIELLE,15,76
2011,FEMALE,WHITE,GEMMA,15,76
2011,FEMALE,WHITE,HADASSAH,15,76
2011,FEMALE,WHITE,IVY,15,76
2011,FEMALE,WHITE,MADELYN,15,76
2011,FEMALE,WHITE,MALAK,15,76
2011,FEMALE,WHITE,MICHAELA,15,76
2011,FEMALE,WHITE,PEREL,15,76
2011,FEMALE,WHITE,SHAINDEL,15,76
2011,FEMALE,WHITE,SIMONE,15,76
2011,FEMALE,HISPANIC,AIMEE,12,76
2011,FEMALE,HISPANIC,ARELY,12,76
2011,FEMALE,HISPANIC,ATHENA,12,76
2011,FEMALE,HISPANIC,BRITNEY,12,76
2011,FEMALE,HISPANIC,CARMEN,12,76
2011,FEMALE,HISPANIC,CAROLINE,12,76
2011,FEMALE,HISPANIC,DANIELLE,12,76
2011,FEMALE,HISPANIC,ELIANNY,12,76
2011,FEMALE,HISPANIC,FATIMA,12,76
2011,FEMALE,HISPANIC,IMANI,11,77
2011,FEMALE,HISPANIC,INGRID,11,77
2011,FEMALE,HISPANIC,IRENE,11,77
2011,FEMALE,HISPANIC,JAELYNN,11,77
2011,FEMALE,HISPANIC,JAMIE,11,77
2011,FEMALE,HISPANIC,JASLENE,11,77
2011,FEMALE,HISPANIC,JIMENA,11,77
2011,FEMALE,HISPANIC,KAELYN,11,77
2011,FEMALE,HISPANIC,KAILYN,11,77
2011,FEMALE,HISPANIC,MEGAN,11,77
2011,FEMALE,HISPANIC,MIRANDA,11,77
2011,FEMALE,HISPANIC,MIRIAM,11,77
2011,FEMALE,HISPANIC,NATASHA,11,77
2011,FEMALE,HISPANIC,NINA,11,77
2011,FEMALE,HISPANIC,NOEMI,11,77
2011,FEMALE,HISPANIC,RAQUEL,11,77
2011,FEMALE,HISPANIC,ROSE,11,77
2011,FEMALE,HISPANIC,SADIE,11,77
2011,FEMALE,HISPANIC,STELLA,11,77
2011,FEMALE,HISPANIC,STEPHANY,11,77
2011,FEMALE,HISPANIC,TATIANA,11,77
2011,FEMALE,HISPANIC,TIANA,11,77
2011,FEMALE,HISPANIC,VIVIANA,11,77
2011,FEMALE,HISPANIC,YAMILET,11,77
2011,FEMALE,WHITE,ALESSIA,14,77
2011,FEMALE,WHITE,ALISA,14,77
2011,FEMALE,WHITE,ANNABEL,14,77
2011,FEMALE,WHITE,ARIEL,14,77
2011,FEMALE,WHITE,BLAKE,14,77
2011,FEMALE,WHITE,BRIDGET,14,77
2011,FEMALE,WHITE,BRYNN,14,77
2011,FEMALE,WHITE,CHARLIE,14,77
2011,FEMALE,WHITE,CHRISTINA,14,77
2011,FEMALE,WHITE,COLETTE,14,77
2011,FEMALE,WHITE,ELISHEVA,14,77
2011,FEMALE,WHITE,ESTER,14,77
2011,FEMALE,WHITE,GOLDA,14,77
2011,FEMALE,WHITE,ISLA,14,77
2011,FEMALE,WHITE,JASMINE,14,77
2011,FEMALE,WHITE,JOYCE,14,77
2011,FEMALE,WHITE,MATILDA,14,77
2011,FEMALE,WHITE,RYAN,14,77
2011,FEMALE,WHITE,SURI,14,77
2011,FEMALE,WHITE,TESSA,14,77
2011,FEMALE,WHITE,TZIVIA,14,77
2011,FEMALE,WHITE,VANESSA,14,77
2011,FEMALE,HISPANIC,ALANA,11,77
2011,FEMALE,HISPANIC,ALYSON,11,77
2011,FEMALE,HISPANIC,ANAYA,11,77
2011,FEMALE,HISPANIC,ANGELY,11,77
2011,FEMALE,HISPANIC,BRIELLE,11,77
2011,FEMALE,HISPANIC,CAROLINA,11,77
2011,FEMALE,HISPANIC,CELESTE,11,77
2011,FEMALE,HISPANIC,CHARLOTTE,11,77
2011,FEMALE,HISPANIC,CHRISTINA,11,77
2011,FEMALE,HISPANIC,CLARA,11,77
2011,FEMALE,HISPANIC,DAMARIS,11,77
2011,FEMALE,HISPANIC,ELIANNA,11,77
2011,FEMALE,HISPANIC,HAZEL,10,78
2011,FEMALE,HISPANIC,IRIS,10,78
2011,FEMALE,HISPANIC,ISABELA,10,78
2011,FEMALE,HISPANIC,JAYDA,10,78
2011,FEMALE,HISPANIC,JAYLYN,10,78
2011,FEMALE,HISPANIC,KATELYNN,10,78
2011,FEMALE,HISPANIC,KAYLEIGH,10,78
2011,FEMALE,HISPANIC,KYLEE,10,78
2011,FEMALE,HISPANIC,LEA,10,78
2011,FEMALE,HISPANIC,LEYLA,10,78
2011,FEMALE,HISPANIC,MARILYN,10,78
2011,FEMALE,HISPANIC,MARISOL,10,78
2011,FEMALE,HISPANIC,NANCY,10,78
2011,FEMALE,HISPANIC,NATHALIA,10,78
2011,FEMALE,HISPANIC,PAOLA,10,78
2011,FEMALE,HISPANIC,REBECCA,10,78
2011,FEMALE,HISPANIC,ROSA,10,78
2011,FEMALE,HISPANIC,SARIAH,10,78
2011,FEMALE,HISPANIC,SASHA,10,78
2011,FEMALE,HISPANIC,SAVANNA,10,78
2011,FEMALE,HISPANIC,STACY,10,78
2011,FEMALE,HISPANIC,VERONICA,10,78
2011,FEMALE,WHITE,BRUCHY,13,78
2011,FEMALE,WHITE,DAISY,13,78
2011,FEMALE,WHITE,DANIELA,13,78
2011,FEMALE,WHITE,DIANA,13,78
2011,FEMALE,WHITE,ELISE,13,78
2011,FEMALE,WHITE,IRIS,13,78
2011,FEMALE,WHITE,KYLIE,13,78
2011,FEMALE,WHITE,LARA,13,78
2011,FEMALE,WHITE,LILLY,13,78
2011,FEMALE,WHITE,LINA,13,78
2011,FEMALE,WHITE,MILENA,13,78
2011,FEMALE,WHITE,PAIGE,13,78
2011,FEMALE,WHITE,PARKER,13,78
2011,FEMALE,WHITE,REESE,13,78
2011,FEMALE,WHITE,RIFKY,13,78
2011,FEMALE,WHITE,ROIZY,13,78
2011,FEMALE,WHITE,WILLA,13,78
2011,FEMALE,WHITE,YACHET,13,78
2011,FEMALE,HISPANIC,ABBY,10,78
2011,FEMALE,HISPANIC,ARIANNY,10,78
2011,FEMALE,HISPANIC,BRIANNY,10,78
2011,FEMALE,HISPANIC,CASSANDRA,10,78
2011,FEMALE,HISPANIC,CRISTINA,10,78
2011,FEMALE,HISPANIC,CYNTHIA,10,78
2011,FEMALE,WHITE,ADELINE,12,79
2011,FEMALE,WHITE,BARBARA,12,79
2011,FEMALE,WHITE,CASEY,12,79
2011,FEMALE,WHITE,GENEVIEVE,12,79
2011,FEMALE,WHITE,GRETA,12,79
2011,FEMALE,WHITE,KATHRYN,12,79
2011,FEMALE,WHITE,LEORA,12,79
2011,FEMALE,WHITE,LILAH,12,79
2011,FEMALE,WHITE,MAKAYLA,12,79
2011,FEMALE,WHITE,MELANIE,12,79
2011,FEMALE,WHITE,MIKAYLA,12,79
2011,FEMALE,WHITE,RIFKA,12,79
2011,FEMALE,WHITE,RUCHY,12,79
2011,FEMALE,WHITE,TZIPORA,12,79
2011,FEMALE,WHITE,ALICIA,11,80
2011,FEMALE,WHITE,ALINA,11,80
2011,FEMALE,WHITE,AMIRA,11,80
2011,FEMALE,WHITE,AMY,11,80
2011,FEMALE,WHITE,AVIGAIL,11,80
2011,FEMALE,WHITE,CAITLIN,11,80
2011,FEMALE,WHITE,CAMERON,11,80
2011,FEMALE,WHITE,ELLIANA,11,80
2011,FEMALE,WHITE,FINLEY,11,80
2011,FEMALE,WHITE,HADASSA,11,80
2011,FEMALE,WHITE,HANNA,11,80
2011,FEMALE,WHITE,JORDYN,11,80
2011,FEMALE,WHITE,KAYLEE,11,80
2011,FEMALE,WHITE,KIRA,11,80
2011,FEMALE,WHITE,PIPER,11,80
2011,FEMALE,WHITE,RUTH,11,80
2011,FEMALE,WHITE,SYLVIA,11,80
2011,FEMALE,WHITE,TAMAR,11,80
2011,FEMALE,WHITE,VALERIE,11,80
2011,FEMALE,WHITE,VERONIKA,11,80
2011,FEMALE,WHITE,ANGELICA,10,81
2011,FEMALE,WHITE,ARIELA,10,81
2011,FEMALE,WHITE,ATARA,10,81
2011,FEMALE,WHITE,AUBREY,10,81
2011,FEMALE,WHITE,AUTUMN,10,81
2011,FEMALE,WHITE,AYLA,10,81
2011,FEMALE,WHITE,BIANCA,10,81
2011,FEMALE,WHITE,CELIA,10,81
2011,FEMALE,WHITE,CHAVY,10,81
2011,FEMALE,WHITE,CORA,10,81
2011,FEMALE,WHITE,DALIA,10,81
2011,FEMALE,WHITE,FRIMET,10,81
2011,FEMALE,WHITE,GIOVANNA,10,81
2011,FEMALE,WHITE,IDY,10,81
2011,FEMALE,WHITE,ILANA,10,81
2011,FEMALE,WHITE,IZABELLA,10,81
2011,FEMALE,WHITE,JULIE,10,81
2011,FEMALE,WHITE,LEILA,10,81
2011,FEMALE,WHITE,LONDON,10,81
2011,FEMALE,WHITE,MIRI,10,81
2011,FEMALE,WHITE,NICOLETTE,10,81
2011,FEMALE,WHITE,QUINN,10,81
2011,FEMALE,WHITE,SHEVY,10,81
2011,FEMALE,WHITE,SIMI,10,81
2011,FEMALE,WHITE,TZIPORAH,10,81
2011,FEMALE,WHITE,TZIPPY,10,81
2011,FEMALE,WHITE,YASMINE,10,81
2011,MALE,ASIAN,ETHAN,177,1
2011,MALE,BLACK ,JAYDEN,184,1
2011,MALE,HISPANIC,JAYDEN,426,1
2011,MALE,WHITE,MICHAEL,292,1
2011,MALE,ASIAN,JAYDEN,173,2
2011,MALE,BLACK ,AIDEN,167,2
2011,MALE,HISPANIC,JUSTIN,310,2
2011,MALE,WHITE,JOSEPH,281,2
2011,MALE,ASIAN,RYAN,150,3
2011,MALE,BLACK ,ELIJAH,156,3
2011,MALE,HISPANIC,JACOB,303,3
2011,MALE,WHITE,JACOB,265,3
2011,MALE,ASIAN,JUSTIN,110,4
2011,MALE,BLACK ,JEREMIAH,153,4
2011,MALE,HISPANIC,MATTHEW,276,4
2011,MALE,WHITE,DAVID,258,4
2011,MALE,ASIAN,LUCAS,103,5
2011,MALE,BLACK ,JOSHUA,128,5
2011,MALE,HISPANIC,ANGEL,253,5
2011,MALE,WHITE,BENJAMIN,230,5
2011,MALE,ASIAN,JASON,98,6
2011,MALE,BLACK ,ETHAN,124,6
2011,MALE,HISPANIC,ETHAN,251,6
2011,MALE,WHITE,MOSHE,224,6
2011,MALE,ASIAN,AIDEN,96,7
2011,MALE,BLACK ,JOSIAH,121,7
2011,MALE,HISPANIC,CHRISTOPHER,239,7
2011,MALE,WHITE,DANIEL,210,7
2011,MALE,ASIAN,KEVIN,92,8
2011,MALE,BLACK ,ISAIAH,105,8
2011,MALE,HISPANIC,DANIEL,221,8
2011,MALE,WHITE,ALEXANDER,197,8
2011,MALE,ASIAN,ERIC,85,9
2011,MALE,BLACK ,TYLER,101,9
2011,MALE,HISPANIC,ALEXANDER,219,9
2011,MALE,WHITE,MATTHEW,189,9
2011,MALE,ASIAN,DANIEL,84,10
2011,MALE,BLACK ,MICHAEL,93,10
2011,MALE,HISPANIC,ANTHONY,207,10
2011,MALE,WHITE,JACK,183,10
2011,MALE,ASIAN,MUHAMMAD,76,11
2011,MALE,BLACK ,CHRISTIAN,91,11
2011,MALE,BLACK ,NOAH,91,11
2011,MALE,HISPANIC,JOSHUA,190,11
2011,MALE,WHITE,SAMUEL,181,11
2011,MALE,ASIAN,MATTHEW,74,12
2011,MALE,BLACK ,AMIR,89,12
2011,MALE,HISPANIC,AIDEN,188,12
2011,MALE,WHITE,ABRAHAM,172,12
2011,MALE,WHITE,JAMES,172,12
2011,MALE,ASIAN,VINCENT,71,13
2011,MALE,BLACK ,AYDEN,88,13
2011,MALE,HISPANIC,BRANDON,184,13
2011,MALE,WHITE,WILLIAM,170,13
2011,MALE,ASIAN,ANDREW,70,14
2011,MALE,BLACK ,JUSTIN,85,14
2011,MALE,HISPANIC,JONATHAN,183,14
2011,MALE,HISPANIC,KEVIN,183,14
2011,MALE,HISPANIC,SEBASTIAN,183,14
2011,MALE,WHITE,JOHN,166,14
2011,MALE,ASIAN,IVAN,66,15
2011,MALE,ASIAN,WILLIAM,66,15
2011,MALE,BLACK ,DAVID,84,15
2011,MALE,HISPANIC,DAVID,178,15
2011,MALE,WHITE,NICHOLAS,153,15
2011,MALE,ASIAN,AUSTIN,64,16
2011,MALE,BLACK ,MASON,83,16
2011,MALE,HISPANIC,MICHAEL,174,16
2011,MALE,WHITE,HENRY,149,16
2011,MALE,ASIAN,DYLAN,53,17
2011,MALE,BLACK ,JACOB,82,17
2011,MALE,HISPANIC,MASON,173,17
2011,MALE,WHITE,CHAIM,147,17
2011,MALE,ASIAN,ALEX,52,18
2011,MALE,BLACK ,DANIEL,81,18
2011,MALE,HISPANIC,GABRIEL,158,18
2011,MALE,WHITE,ANTHONY,135,18
2011,MALE,ASIAN,AARON,51,19
2011,MALE,ASIAN,EVAN,51,19
2011,MALE,BLACK ,CHRISTOPHER,80,19
2011,MALE,HISPANIC,ADRIAN,157,19
2011,MALE,HISPANIC,NOAH,157,19
2011,MALE,WHITE,ANDREW,133,19
2011,MALE,ASIAN,JONATHAN,50,20
2011,MALE,BLACK ,JADEN,75,20
2011,MALE,HISPANIC,CHRISTIAN,151,20
2011,MALE,WHITE,LIAM,131,20
2011,MALE,ASIAN,JACOB,49,21
2011,MALE,BLACK ,MALACHI,72,21
2011,MALE,HISPANIC,JOSE,144,21
2011,MALE,WHITE,ADAM,129,21
2011,MALE,WHITE,CHARLES,129,21
2011,MALE,ASIAN,ALEXANDER,47,22
2011,MALE,BLACK ,ANTHONY,66,22
2011,MALE,HISPANIC,JOSEPH,140,22
2011,MALE,WHITE,LUCAS,128,22
2011,MALE,ASIAN,ANTHONY,46,23
2011,MALE,ASIAN,MOHAMMAD,46,23
2011,MALE,BLACK ,NATHANIEL,64,23
2011,MALE,HISPANIC,DYLAN,136,23
2011,MALE,WHITE,DYLAN,127,23
2011,MALE,ASIAN,KYLE,45,24
2011,MALE,BLACK ,LIAM,61,24
2011,MALE,HISPANIC,LUIS,131,24
2011,MALE,WHITE,RYAN,126,24
2011,MALE,ASIAN,ALVIN,43,25
2011,MALE,ASIAN,ANDY,43,25
2011,MALE,BLACK ,MATTHEW,59,25
2011,MALE,HISPANIC,ANDREW,125,25
2011,MALE,WHITE,THOMAS,121,25
2011,MALE,ASIAN,MOHAMMED,41,26
2011,MALE,ASIAN,NATHAN,41,26
2011,MALE,BLACK ,TRISTAN,58,26
2011,MALE,BLACK ,XAVIER,58,26
2011,MALE,HISPANIC,LUCAS,122,26
2011,MALE,HISPANIC,RYAN,122,26
2011,MALE,WHITE,ETHAN,118,26
2011,MALE,ASIAN,BRIAN,40,27
2011,MALE,ASIAN,LEO,40,27
2011,MALE,BLACK ,AMARI,57,27
2011,MALE,BLACK ,BRANDON,57,27
2011,MALE,HISPANIC,JEREMIAH,120,27
2011,MALE,WHITE,MENACHEM,103,27
2011,MALE,ASIAN,BENJAMIN,39,28
2011,MALE,BLACK ,AARON,53,28
2011,MALE,BLACK ,JONATHAN,53,28
2011,MALE,BLACK ,JORDAN,53,28
2011,MALE,HISPANIC,JEREMY,118,28
2011,MALE,WHITE,YOSEF,102,28
2011,MALE,ASIAN,MICHAEL,38,29
2011,MALE,BLACK ,CAMERON,47,29
2011,MALE,HISPANIC,ELIJAH,110,29
2011,MALE,WHITE,LUKE,101,29
2011,MALE,ASIAN,ALAN,37,30
2011,MALE,BLACK ,EMMANUEL,46,30
2011,MALE,HISPANIC,CARLOS,109,30
2011,MALE,WHITE,OLIVER,100,30
2011,MALE,ASIAN,JAMES,36,31
2011,MALE,ASIAN,JOSHUA,36,31
2011,MALE,ASIAN,KINGSLEY,36,31
2011,MALE,BLACK ,CALEB,44,31
2011,MALE,BLACK ,JASON,44,31
2011,MALE,HISPANIC,AYDEN,104,31
2011,MALE,HISPANIC,STEVEN,104,31
2011,MALE,WHITE,NOAH,99,31
2011,MALE,ASIAN,STEVEN,35,32
2011,MALE,BLACK ,DYLAN,42,32
2011,MALE,HISPANIC,LIAM,103,32
2011,MALE,HISPANIC,NICHOLAS,103,32
2011,MALE,WHITE,ELI,97,32
2011,MALE,ASIAN,MASON,34,33
2011,MALE,BLACK ,CHASE,41,33
2011,MALE,BLACK ,RYAN,41,33
2011,MALE,HISPANIC,AARON,102,33
2011,MALE,WHITE,GABRIEL,96,33
2011,MALE,ASIAN,AIDAN,32,34
2011,MALE,ASIAN,DEREK,32,34
2011,MALE,BLACK ,KYLE,40,34
2011,MALE,HISPANIC,MIGUEL,101,34
2011,MALE,WHITE,MAX,95,34
2011,MALE,ASIAN,AYAAN,31,35
2011,MALE,ASIAN,TYLER,31,35
2011,MALE,BLACK ,ALEXANDER,39,35
2011,MALE,HISPANIC,BRYAN,99,35
2011,MALE,HISPANIC,JUAN,99,35
2011,MALE,HISPANIC,JULIAN,99,35
2011,MALE,WHITE,SHIMON,94,35
2011,MALE,ASIAN,ABDULLAH,30,36
2011,MALE,ASIAN,SAMUEL,30,36
2011,MALE,BLACK ,JAYLEN,38,36
2011,MALE,HISPANIC,WILLIAM,98,36
2011,MALE,WHITE,CHRISTOPHER,92,36
2011,MALE,WHITE,ISAAC,92,36
2011,MALE,ASIAN,BRANDON,29,37
2011,MALE,BLACK ,JOEL,37,37
2011,MALE,BLACK ,KAYDEN,37,37
2011,MALE,BLACK ,MOHAMED,37,37
2011,MALE,HISPANIC,JOHN,96,37
2011,MALE,WHITE,JOSHUA,89,37
2011,MALE,ASIAN,ADAM,28,38
2011,MALE,ASIAN,DAVID,28,38
2011,MALE,BLACK ,ANDREW,36,38
2011,MALE,BLACK ,GABRIEL,36,38
2011,MALE,HISPANIC,JASON,92,38
2011,MALE,HISPANIC,XAVIER,92,38
2011,MALE,WHITE,ZACHARY,86,38
2011,MALE,ASIAN,ARJUN,27,39
2011,MALE,ASIAN,GAVIN,27,39
2011,MALE,ASIAN,OWEN,27,39
2011,MALE,ASIAN,RAYMOND,27,39
2011,MALE,BLACK ,BRYCE,35,39
2011,MALE,BLACK ,CARTER,35,39
2011,MALE,BLACK ,JAIDEN,35,39
2011,MALE,BLACK ,JOSEPH,35,39
2011,MALE,BLACK ,ZION,35,39
2011,MALE,HISPANIC,JOEL,82,39
2011,MALE,WHITE,LEO,85,39
2011,MALE,ASIAN,NICHOLAS,26,40
2011,MALE,ASIAN,RICHARD,26,40
2011,MALE,BLACK ,JOHN,34,40
2011,MALE,HISPANIC,EVAN,81,40
2011,MALE,WHITE,JULIAN,79,40
2011,MALE,ASIAN,JEFFREY,25,41
2011,MALE,ASIAN,JERRY,25,41
2011,MALE,ASIAN,LIAM,25,41
2011,MALE,ASIAN,OSCAR,25,41
2011,MALE,BLACK ,JAMES,33,41
2011,MALE,BLACK ,MEKHI,33,41
2011,MALE,BLACK ,NASIR,33,41
2011,MALE,HISPANIC,SAMUEL,74,41
2011,MALE,WHITE,AIDEN,78,41
2011,MALE,ASIAN,AYDEN,24,42
2011,MALE,ASIAN,TENZIN,24,42
2011,MALE,BLACK ,NATHAN,32,42
2011,MALE,BLACK ,PRINCE,32,42
2011,MALE,HISPANIC,ISAAC,73,42
2011,MALE,HISPANIC,JADEN,73,42
2011,MALE,WHITE,JACKSON,77,42
2011,MALE,WHITE,JAKE,77,42
2011,MALE,ASIAN,JADEN,23,43
2011,MALE,ASIAN,JORDAN,23,43
2011,MALE,ASIAN,STANLEY,23,43
2011,MALE,ASIAN,WILSON,23,43
2011,MALE,BLACK ,NICHOLAS,31,43
2011,MALE,HISPANIC,IAN,72,43
2011,MALE,HISPANIC,JORDAN,72,43
2011,MALE,WHITE,CHRISTIAN,76,43
2011,MALE,WHITE,MORDECHAI,76,43
2011,MALE,ASIAN,FELIX,22,44
2011,MALE,ASIAN,IAN,22,44
2011,MALE,BLACK ,SAMUEL,30,44
2011,MALE,HISPANIC,EDWIN,71,44
2011,MALE,WHITE,MASON,75,44
2011,MALE,WHITE,YISROEL,75,44
2011,MALE,ASIAN,AHMED,21,45
2011,MALE,ASIAN,CHRISTIAN,21,45
2011,MALE,ASIAN,CHRISTOPHER,21,45
2011,MALE,ASIAN,DARREN,21,45
2011,MALE,ASIAN,DEVIN,21,45
2011,MALE,ASIAN,HENRY,21,45
2011,MALE,ASIAN,JACK,21,45
2011,MALE,ASIAN,JOHN,21,45
2011,MALE,ASIAN,JOSEPH,21,45
2011,MALE,BLACK ,MICAH,29,45
2011,MALE,BLACK ,ROBERT,29,45
2011,MALE,BLACK ,SEAN,29,45
2011,MALE,HISPANIC,ISAIAH,70,45
2011,MALE,HISPANIC,JAMES,70,45
2011,MALE,HISPANIC,JESUS,70,45
2011,MALE,WHITE,YEHUDA,74,45
2011,MALE,ASIAN,ABDUL,20,46
2011,MALE,ASIAN,CARSON,20,46
2011,MALE,ASIAN,DANNY,20,46
2011,MALE,ASIAN,JACKY,20,46
2011,MALE,ASIAN,MARCUS,20,46
2011,MALE,BLACK ,ADAM,28,46
2011,MALE,BLACK ,KAIDEN,28,46
2011,MALE,BLACK ,KEVIN,28,46
2011,MALE,HISPANIC,AXEL,69,46
2011,MALE,WHITE,JONATHAN,71,46
2011,MALE,WHITE,LUCA,71,46
2011,MALE,WHITE,NATHAN,71,46
2011,MALE,WHITE,SEBASTIAN,71,46
2011,MALE,ASIAN,ADRIAN,19,47
2011,MALE,ASIAN,BENSON,19,47
2011,MALE,ASIAN,LOGAN,19,47
2011,MALE,ASIAN,NOAH,19,47
2011,MALE,BLACK ,MAMADOU,27,47
2011,MALE,BLACK ,WILLIAM,27,47
2011,MALE,HISPANIC,ALEJANDRO,68,47
2011,MALE,HISPANIC,ALEX,68,47
2011,MALE,HISPANIC,GIOVANNI,68,47
2011,MALE,WHITE,MARK,70,47
2011,MALE,ASIAN,ANSON,18,48
2011,MALE,ASIAN,ARYAN,18,48
2011,MALE,ASIAN,JOHNNY,18,48
2011,MALE,ASIAN,THOMAS,18,48
2011,MALE,BLACK ,EVAN,26,48
2011,MALE,HISPANIC,ELIAS,66,48
2011,MALE,WHITE,ROBERT,69,48
2011,MALE,ASIAN,CHARLES,17,49
2011,MALE,ASIAN,FARHAN,17,49
2011,MALE,ASIAN,IBRAHIM,17,49
2011,MALE,ASIAN,JAKE,17,49
2011,MALE,ASIAN,JEREMY,17,49
2011,MALE,ASIAN,LEON,17,49
2011,MALE,ASIAN,VICTOR,17,49
2011,MALE,BLACK ,IBRAHIM,25,49
2011,MALE,BLACK ,LOGAN,25,49
2011,MALE,HISPANIC,NATHANIEL,63,49
2011,MALE,WHITE,AARON,67,49
2011,MALE,WHITE,LOGAN,67,49
2011,MALE,ASIAN,CALEB,16,50
2011,MALE,ASIAN,NATHANIEL,16,50
2011,MALE,ASIAN,RICKY,16,50
2011,MALE,ASIAN,SYED,16,50
2011,MALE,ASIAN,TIMOTHY,16,50
2011,MALE,ASIAN,TONY,16,50
2011,MALE,BLACK ,DEVIN,24,50
2011,MALE,BLACK ,MALIK,24,50
2011,MALE,BLACK ,MARCUS,24,50
2011,MALE,BLACK ,SINCERE,24,50
2011,MALE,HISPANIC,DEREK,62,50
2011,MALE,WHITE,GEORGE,66,50
2011,MALE,ASIAN,AARAV,15,51
2011,MALE,ASIAN,ARMAAN,15,51
2011,MALE,ASIAN,BRYAN,15,51
2011,MALE,ASIAN,EDWIN,15,51
2011,MALE,ASIAN,JIA,15,51
2011,MALE,ASIAN,ROHAN,15,51
2011,MALE,BLACK ,MESSIAH,23,51
2011,MALE,BLACK ,MOHAMMED,23,51
2011,MALE,HISPANIC,ERIC,60,51
2011,MALE,HISPANIC,ERICK,60,51
2011,MALE,WHITE,OWEN,65,51
2011,MALE,ASIAN,ADITYA,14,52
2011,MALE,ASIAN,ALLEN,14,52
2011,MALE,ASIAN,EDISON,14,52
2011,MALE,ASIAN,JAY,14,52
2011,MALE,ASIAN,LAWRENCE,14,52
2011,MALE,ASIAN,MARTIN,14,52
2011,MALE,ASIAN,MAX,14,52
2011,MALE,ASIAN,PATRICK,14,52
2011,MALE,ASIAN,SEAN,14,52
2011,MALE,ASIAN,SEBASTIAN,14,52
2011,MALE,ASIAN,SIMON,14,52
2011,MALE,BLACK ,ANDRE,22,52
2011,MALE,BLACK ,BRIAN,22,52
2011,MALE,BLACK ,ELI,22,52
2011,MALE,BLACK ,KADEN,22,52
2011,MALE,BLACK ,ZACHARY,22,52
2011,MALE,HISPANIC,BRIAN,59,52
2011,MALE,WHITE,VINCENT,64,52
2011,MALE,ASIAN,ALI,13,53
2011,MALE,ASIAN,CALVIN,13,53
2011,MALE,ASIAN,GABRIEL,13,53
2011,MALE,ASIAN,HARRISON,13,53
2011,MALE,ASIAN,ISAAC,13,53
2011,MALE,ASIAN,JACKSON,13,53
2011,MALE,ASIAN,MOHAMED,13,53
2011,MALE,BLACK ,IAN,21,53
2011,MALE,BLACK ,JACE,21,53
2011,MALE,HISPANIC,EMMANUEL,57,53
2011,MALE,WHITE,SHLOMO,61,53
2011,MALE,WHITE,TYLER,61,53
2011,MALE,ASIAN,ELIJAH,12,54
2011,MALE,ASIAN,GEORGE,12,54
2011,MALE,ASIAN,KAI,12,54
2011,MALE,ASIAN,NELSON,12,54
2011,MALE,ASIAN,ZACHARY,12,54
2011,MALE,ASIAN,ZAIN,12,54
2011,MALE,BLACK ,AIDAN,20,54
2011,MALE,HISPANIC,ALEXIS,55,54
2011,MALE,HISPANIC,LEONARDO,55,54
2011,MALE,WHITE,ARON,60,54
2011,MALE,WHITE,EVAN,60,54
2011,MALE,WHITE,YAKOV,60,54
2011,MALE,ASIAN,CONNOR,11,55
2011,MALE,ASIAN,ELVIS,11,55
2011,MALE,ASIAN,JULIAN,11,55
2011,MALE,ASIAN,LUKE,11,55
2011,MALE,ASIAN,PETER,11,55
2011,MALE,ASIAN,TERRY,11,55
2011,MALE,ASIAN,TRAVIS,11,55
2011,MALE,BLACK ,ADEN,19,55
2011,MALE,BLACK ,AVERY,19,55
2011,MALE,BLACK ,BLAKE,19,55
2011,MALE,BLACK ,JULIAN,19,55
2011,MALE,BLACK ,KHALIL,19,55
2011,MALE,BLACK ,KYMANI,19,55
2011,MALE,BLACK ,OMARI,19,55
2011,MALE,BLACK ,PRESTON,19,55
2011,MALE,BLACK ,ZAIRE,19,55
2011,MALE,HISPANIC,DIEGO,54,55
2011,MALE,WHITE,AIDAN,58,55
2011,MALE,ASIAN,CODY,10,56
2011,MALE,ASIAN,EASON,10,56
2011,MALE,ASIAN,HAYDEN,10,56
2011,MALE,ASIAN,ISHAAN,10,56
2011,MALE,ASIAN,LOUIS,10,56
2011,MALE,ASIAN,MILES,10,56
2011,MALE,ASIAN,OLIVER,10,56
2011,MALE,ASIAN,RAYAN,10,56
2011,MALE,ASIAN,SHAWN,10,56
2011,MALE,ASIAN,XAVIER,10,56
2011,MALE,ASIAN,ZAYAN,10,56
2011,MALE,BLACK ,ADRIAN,18,56
2011,MALE,BLACK ,ASHTON,18,56
2011,MALE,BLACK ,GAVIN,18,56
2011,MALE,BLACK ,ISAAC,18,56
2011,MALE,BLACK ,KALEB,18,56
2011,MALE,BLACK ,SHAWN,18,56
2011,MALE,HISPANIC,CRISTIAN,53,56
2011,MALE,HISPANIC,NICOLAS,53,56
2011,MALE,WHITE,PATRICK,56,56
2011,MALE,WHITE,YITZCHOK,56,56
2011,MALE,BLACK ,DOMINIC,17,57
2011,MALE,BLACK ,KAMARI,17,57
2011,MALE,BLACK ,TRAVIS,17,57
2011,MALE,HISPANIC,ANDRES,51,57
2011,MALE,HISPANIC,BENJAMIN,51,57
2011,MALE,HISPANIC,JADIEL,51,57
2011,MALE,WHITE,ASHER,55,57
2011,MALE,BLACK ,ABDOUL,16,58
2011,MALE,BLACK ,JASIAH,16,58
2011,MALE,BLACK ,JERMAINE,16,58
2011,MALE,BLACK ,KENNETH,16,58
2011,MALE,BLACK ,MAURICE,16,58
2011,MALE,HISPANIC,JOSIAH,50,58
2011,MALE,HISPANIC,SANTIAGO,50,58
2011,MALE,WHITE,CONNOR,53,58
2011,MALE,WHITE,GAVIN,53,58
2011,MALE,WHITE,HUDSON,53,58
2011,MALE,WHITE,THEODORE,53,58
2011,MALE,BLACK ,AMADOU,15,59
2011,MALE,BLACK ,AMARE,15,59
2011,MALE,BLACK ,ANTONIO,15,59
2011,MALE,BLACK ,CHANCE,15,59
2011,MALE,BLACK ,CHARLES,15,59
2011,MALE,BLACK ,JALEN,15,59
2011,MALE,BLACK ,JEREMY,15,59
2011,MALE,BLACK ,LAMAR,15,59
2011,MALE,BLACK ,LEVI,15,59
2011,MALE,BLACK ,MYLES,15,59
2011,MALE,BLACK ,RICHARD,15,59
2011,MALE,BLACK ,SEKOU,15,59
2011,MALE,HISPANIC,RANDY,48,59
2011,MALE,HISPANIC,TYLER,48,59
2011,MALE,HISPANIC,VICTOR,48,59
2011,MALE,WHITE,JONAH,52,59
2011,MALE,WHITE,PETER,52,59
2011,MALE,BLACK ,BRYSON,14,60
2011,MALE,BLACK ,DWAYNE,14,60
2011,MALE,BLACK ,ELIAS,14,60
2011,MALE,BLACK ,ERIC,14,60
2011,MALE,BLACK ,GIOVANNI,14,60
2011,MALE,BLACK ,JAHMIR,14,60
2011,MALE,BLACK ,JAYSON,14,60
2011,MALE,BLACK ,KAI,14,60
2011,MALE,BLACK ,KAMERON,14,60
2011,MALE,BLACK ,KING,14,60
2011,MALE,BLACK ,OMAR,14,60
2011,MALE,BLACK ,OUSMANE,14,60
2011,MALE,BLACK ,PATRICK,14,60
2011,MALE,BLACK ,TIMOTHY,14,60
2011,MALE,BLACK ,ZYAIRE,14,60
2011,MALE,HISPANIC,NATHAN,47,60
2011,MALE,WHITE,SOLOMON,48,60
2011,MALE,BLACK ,ABDOULAYE,13,61
2011,MALE,BLACK ,AUSTIN,13,61
2011,MALE,BLACK ,BENJAMIN,13,61
2011,MALE,BLACK ,CARMELO,13,61
2011,MALE,BLACK ,JAMAL,13,61
2011,MALE,BLACK ,JAMEL,13,61
2011,MALE,BLACK ,NEHEMIAH,13,61
2011,MALE,BLACK ,TROY,13,61
2011,MALE,HISPANIC,EDUARDO,45,61
2011,MALE,HISPANIC,LOGAN,45,61
2011,MALE,WHITE,MEIR,47,61
2011,MALE,WHITE,SIMON,47,61
2011,MALE,WHITE,ZEV,47,61
2011,MALE,BLACK ,AMAR'E,12,62
2011,MALE,BLACK ,CHAD,12,62
2011,MALE,BLACK ,DARIUS,12,62
2011,MALE,BLACK ,DARREN,12,62
2011,MALE,BLACK ,HAYDEN,12,62
2011,MALE,BLACK ,HUNTER,12,62
2011,MALE,BLACK ,JAMIR,12,62
2011,MALE,BLACK ,JARED,12,62
2011,MALE,BLACK ,JESSE,12,62
2011,MALE,BLACK ,KEITH,12,62
2011,MALE,BLACK ,KIYAN,12,62
2011,MALE,BLACK ,LUCAS,12,62
2011,MALE,BLACK ,SETH,12,62
2011,MALE,BLACK ,STEVEN,12,62
2011,MALE,BLACK ,VICTOR,12,62
2011,MALE,HISPANIC,MATEO,44,62
2011,MALE,WHITE,DOV,46,62
2011,MALE,WHITE,JUSTIN,46,62
2011,MALE,WHITE,MILES,46,62
2011,MALE,WHITE,NATHANIEL,46,62
2011,MALE,BLACK ,ADONIS,11,63
2011,MALE,BLACK ,AHMED,11,63
2011,MALE,BLACK ,ALI,11,63
2011,MALE,BLACK ,CAYDEN,11,63
2011,MALE,BLACK ,IBRAHIMA,11,63
2011,MALE,BLACK ,ISIAH,11,63
2011,MALE,BLACK ,JACKSON,11,63
2011,MALE,BLACK ,JELANI,11,63
2011,MALE,BLACK ,JUSTICE,11,63
2011,MALE,BLACK ,LANDON,11,63
2011,MALE,BLACK ,MALCOLM,11,63
2011,MALE,BLACK ,MARC,11,63
2011,MALE,BLACK ,MOUSSA,11,63
2011,MALE,BLACK ,NICOLAS,11,63
2011,MALE,BLACK ,SEBASTIAN,11,63
2011,MALE,BLACK ,TERRENCE,11,63
2011,MALE,HISPANIC,HENRY,43,63
2011,MALE,WHITE,YAAKOV,45,63
2011,MALE,BLACK ,ALIJAH,10,64
2011,MALE,BLACK ,ALVIN,10,64
2011,MALE,BLACK ,ANGEL,10,64
2011,MALE,BLACK ,BRYAN,10,64
2011,MALE,BLACK ,CHRIS,10,64
2011,MALE,BLACK ,CODY,10,64
2011,MALE,BLACK ,COREY,10,64
2011,MALE,BLACK ,DERRICK,10,64
2011,MALE,BLACK ,DEVON,10,64
2011,MALE,BLACK ,DONOVAN,10,64
2011,MALE,BLACK ,EDWARD,10,64
2011,MALE,BLACK ,GEORGE,10,64
2011,MALE,BLACK ,HASSAN,10,64
2011,MALE,BLACK ,ISHMAEL,10,64
2011,MALE,BLACK ,JAHEIM,10,64
2011,MALE,BLACK ,MAKAI,10,64
2011,MALE,BLACK ,MARQUIS,10,64
2011,MALE,BLACK ,MILES,10,64
2011,MALE,BLACK ,NANA,10,64
2011,MALE,BLACK ,NIGEL,10,64
2011,MALE,BLACK ,QUINCY,10,64
2011,MALE,BLACK ,RICARDO,10,64
2011,MALE,BLACK ,RODNEY,10,64
2011,MALE,BLACK ,STEPHEN,10,64
2011,MALE,BLACK ,TERRELL,10,64
2011,MALE,HISPANIC,CALEB,42,64
2011,MALE,HISPANIC,IVAN,42,64
2011,MALE,HISPANIC,JAIDEN,42,64
2011,MALE,HISPANIC,OLIVER,42,64
2011,MALE,WHITE,BRANDON,44,64
2011,MALE,WHITE,SHMUEL,44,64
2011,MALE,HISPANIC,JORGE,39,65
2011,MALE,HISPANIC,OMAR,39,65
2011,MALE,WHITE,SHULEM,42,65
2011,MALE,HISPANIC,ALAN,38,66
2011,MALE,HISPANIC,ELI,38,66
2011,MALE,HISPANIC,JAVIER,38,66
2011,MALE,HISPANIC,JEAN,38,66
2011,MALE,HISPANIC,RICHARD,38,66
2011,MALE,WHITE,EDWARD,41,66
2011,MALE,WHITE,TZVI,41,66
2011,MALE,HISPANIC,ANDY,37,67
2011,MALE,HISPANIC,JACE,37,67
2011,MALE,WHITE,DOVID,40,67
2011,MALE,WHITE,HARRISON,40,67
2011,MALE,WHITE,LEVI,40,67
2011,MALE,HISPANIC,AIDAN,36,68
2011,MALE,WHITE,JAYDEN,39,68
2011,MALE,HISPANIC,JOSUE,35,69
2011,MALE,HISPANIC,ROBERT,35,69
2011,MALE,WHITE,AVRAHAM,38,69
2011,MALE,WHITE,ELIEZER,38,69
2011,MALE,WHITE,MAXWELL,38,69
2011,MALE,WHITE,MOHAMED,38,69
2011,MALE,HISPANIC,ADRIEL,34,70
2011,MALE,HISPANIC,TRISTAN,34,70
2011,MALE,WHITE,COLE,37,70
2011,MALE,HISPANIC,ANDERSON,33,71
2011,MALE,HISPANIC,KENNETH,33,71
2011,MALE,HISPANIC,MARCUS,33,71
2011,MALE,HISPANIC,MAX,33,71
2011,MALE,WHITE,ELIYAHU,36,71
2011,MALE,WHITE,MENDEL,36,71
2011,MALE,WHITE,SALVATORE,36,71
2011,MALE,WHITE,SEAN,36,71
2011,MALE,HISPANIC,ADAM,32,72
2011,MALE,HISPANIC,ANTONIO,32,72
2011,MALE,HISPANIC,FRANCISCO,32,72
2011,MALE,WHITE,ADRIAN,35,72
2011,MALE,WHITE,ELIJAH,35,72
2011,MALE,WHITE,GIOVANNI,35,72
2011,MALE,WHITE,JASON,35,72
2011,MALE,WHITE,SAM,35,72
2011,MALE,HISPANIC,DANNY,31,73
2011,MALE,HISPANIC,DARIEL,31,73
2011,MALE,HISPANIC,HECTOR,31,73
2011,MALE,HISPANIC,MANUEL,31,73
2011,MALE,HISPANIC,RAFAEL,31,73
2011,MALE,WHITE,ALEX,34,73
2011,MALE,WHITE,JUDAH,34,73
2011,MALE,WHITE,VICTOR,34,73
2011,MALE,HISPANIC,EDWARD,30,74
2011,MALE,HISPANIC,GEORGE,30,74
2011,MALE,HISPANIC,SEAN,30,74
2011,MALE,WHITE,ALI,33,74
2011,MALE,WHITE,ELLIOT,33,74
2011,MALE,WHITE,EZRA,33,74
2011,MALE,WHITE,OMAR,33,74
2011,MALE,HISPANIC,CESAR,29,75
2011,MALE,HISPANIC,EDGAR,29,75
2011,MALE,HISPANIC,MARCOS,29,75
2011,MALE,HISPANIC,PEDRO,29,75
2011,MALE,WHITE,COLIN,32,75
2011,MALE,WHITE,DECLAN,32,75
2011,MALE,WHITE,JORDAN,32,75
2011,MALE,WHITE,SIMCHA,32,75
2011,MALE,WHITE,STEVEN,32,75
2011,MALE,HISPANIC,ANGELO,28,76
2011,MALE,HISPANIC,FERNANDO,28,76
2011,MALE,HISPANIC,JOHAN,28,76
2011,MALE,WHITE,CALEB,31,76
2011,MALE,WHITE,MOSES,31,76
2011,MALE,HISPANIC,CHRIS,27,77
2011,MALE,HISPANIC,JAKE,27,77
2011,MALE,HISPANIC,JULIO,27,77
2011,MALE,HISPANIC,OSCAR,27,77
2011,MALE,WHITE,ARI,30,77
2011,MALE,WHITE,ARIEL,30,77
2011,MALE,WHITE,BRIAN,30,77
2011,MALE,WHITE,COOPER,30,77
2011,MALE,WHITE,JOEL,30,77
2011,MALE,WHITE,MATTEO,30,77
2011,MALE,WHITE,OSCAR,30,77
2011,MALE,WHITE,SHIA,30,77
2011,MALE,HISPANIC,ARIEL,26,78
2011,MALE,HISPANIC,DAMIAN,26,78
2011,MALE,HISPANIC,EMANUEL,26,78
2011,MALE,HISPANIC,JULIUS,26,78
2011,MALE,HISPANIC,THOMAS,26,78
2011,MALE,WHITE,ARTHUR,29,78
2011,MALE,WHITE,FRANK,29,78
2011,MALE,WHITE,HUNTER,29,78
2011,MALE,WHITE,KEVIN,29,78
2011,MALE,WHITE,LEONARDO,29,78
2011,MALE,WHITE,MAXIMILIAN,29,78
2011,MALE,WHITE,USHER,29,78
2011,MALE,HISPANIC,DEVIN,25,79
2011,MALE,HISPANIC,JARIEL,25,79
2011,MALE,HISPANIC,KAYDEN,25,79
2011,MALE,HISPANIC,PABLO,25,79
2011,MALE,HISPANIC,RICARDO,25,79
2011,MALE,HISPANIC,YADIEL,25,79
2011,MALE,WHITE,ANTONIO,28,79
2011,MALE,WHITE,IAN,28,79
2011,MALE,WHITE,ISRAEL,28,79
2011,MALE,WHITE,NICOLAS,28,79
2011,MALE,HISPANIC,BRADLEY,24,80
2011,MALE,HISPANIC,JAYSON,24,80
2011,MALE,HISPANIC,NOEL,24,80
2011,MALE,HISPANIC,RAYMOND,24,80
2011,MALE,WHITE,AVROHOM,27,80
2011,MALE,WHITE,CAMERON,27,80
2011,MALE,WHITE,ERIC,27,80
2011,MALE,WHITE,MAXIM,27,80
2011,MALE,WHITE,RAFAEL,27,80
2011,MALE,WHITE,YECHIEL,27,80
2011,MALE,HISPANIC,BRAYAN,23,81
2011,MALE,HISPANIC,JOAQUIN,23,81
2011,MALE,HISPANIC,MARIO,23,81
2011,MALE,WHITE,AHMED,26,81
2011,MALE,WHITE,AUSTIN,26,81
2011,MALE,WHITE,PAUL,26,81
2011,MALE,WHITE,PHILIP,26,81
2011,MALE,WHITE,RICHARD,26,81
2011,MALE,WHITE,SHAYA,26,81
2011,MALE,HISPANIC,ABRAHAM,22,82
2011,MALE,HISPANIC,ALLEN,22,82
2011,MALE,HISPANIC,CHASE,22,82
2011,MALE,HISPANIC,DOMINIC,22,82
2011,MALE,HISPANIC,ISRAEL,22,82
2011,MALE,HISPANIC,KELVIN,22,82
2011,MALE,HISPANIC,MARCO,22,82
2011,MALE,WHITE,CHASE,25,82
2011,MALE,WHITE,EFRAIM,25,82
2011,MALE,WHITE,WYATT,25,82
2011,MALE,HISPANIC,AMIR,21,83
2011,MALE,HISPANIC,DANTE,21,83
2011,MALE,HISPANIC,EMILIO,21,83
2011,MALE,HISPANIC,JACK,21,83
2011,MALE,HISPANIC,URIEL,21,83
2011,MALE,WHITE,ARYEH,24,83
2011,MALE,WHITE,DEAN,24,83
2011,MALE,WHITE,HERSHEL,24,83
2011,MALE,WHITE,KYLE,24,83
2011,MALE,WHITE,MAYER,24,83
2011,MALE,WHITE,TIMOTHY,24,83
2011,MALE,WHITE,TRISTAN,24,83
2011,MALE,HISPANIC,ARMANI,20,84
2011,MALE,HISPANIC,CHARLES,20,84
2011,MALE,HISPANIC,KENNY,20,84
2011,MALE,HISPANIC,MATIAS,20,84
2011,MALE,WHITE,BRENDAN,23,84
2011,MALE,WHITE,FELIX,23,84
2011,MALE,WHITE,FINN,23,84
2011,MALE,WHITE,LOUIS,23,84
2011,MALE,HISPANIC,BYRON,19,85
2011,MALE,HISPANIC,CAMERON,19,85
2011,MALE,HISPANIC,GAVIN,19,85
2011,MALE,HISPANIC,JEFFREY,19,85
2011,MALE,HISPANIC,LANDON,19,85
2011,MALE,HISPANIC,MARK,19,85
2011,MALE,HISPANIC,MATHEW,19,85
2011,MALE,HISPANIC,RUBEN,19,85
2011,MALE,WHITE,BEN,22,85
2011,MALE,WHITE,LORENZO,22,85
2011,MALE,WHITE,YEHOSHUA,22,85
2011,MALE,HISPANIC,DARWIN,18,86
2011,MALE,HISPANIC,DERICK,18,86
2011,MALE,HISPANIC,ERIK,18,86
2011,MALE,HISPANIC,GAEL,18,86
2011,MALE,HISPANIC,JAY,18,86
2011,MALE,HISPANIC,JOHNNY,18,86
2011,MALE,HISPANIC,JUNIOR,18,86
2011,MALE,HISPANIC,MOISES,18,86
2011,MALE,HISPANIC,RILEY,18,86
2011,MALE,WHITE,ALAN,21,86
2011,MALE,WHITE,BARUCH,21,86
2011,MALE,WHITE,DOMINICK,21,86
2011,MALE,WHITE,ELIAS,21,86
2011,MALE,WHITE,GRAHAM,21,86
2011,MALE,WHITE,GRIFFIN,21,86
2011,MALE,WHITE,HERSHY,21,86
2011,MALE,WHITE,LUKA,21,86
2011,MALE,WHITE,MARTIN,21,86
2011,MALE,WHITE,RAPHAEL,21,86
2011,MALE,WHITE,SHANE,21,86
2011,MALE,WHITE,SHOLOM,21,86
2011,MALE,HISPANIC,ASHTON,17,87
2011,MALE,HISPANIC,BRYANT,17,87
2011,MALE,HISPANIC,ELIAN,17,87
2011,MALE,HISPANIC,FRANK,17,87
2011,MALE,HISPANIC,ISMAEL,17,87
2011,MALE,HISPANIC,JARED,17,87
2011,MALE,HISPANIC,LUKE,17,87
2011,MALE,HISPANIC,MIKE,17,87
2011,MALE,HISPANIC,VINCENT,17,87
2011,MALE,WHITE,AKIVA,20,87
2011,MALE,WHITE,CHARLIE,20,87
2011,MALE,WHITE,JASPER,20,87
2011,MALE,WHITE,LAZER,20,87
2011,MALE,WHITE,LEON,20,87
2011,MALE,WHITE,MILO,20,87
2011,MALE,WHITE,YOEL,20,87
2011,MALE,HISPANIC,ADONIS,16,88
2011,MALE,HISPANIC,BRAYDEN,16,88
2011,MALE,HISPANIC,CARMELO,16,88
2011,MALE,HISPANIC,DOMINICK,16,88
2011,MALE,HISPANIC,GREGORY,16,88
2011,MALE,HISPANIC,JOHNATHAN,16,88
2011,MALE,HISPANIC,LEANDRO,16,88
2011,MALE,HISPANIC,MARTIN,16,88
2011,MALE,HISPANIC,MARVIN,16,88
2011,MALE,HISPANIC,NELSON,16,88
2011,MALE,HISPANIC,PAUL,16,88
2011,MALE,HISPANIC,TIMOTHY,16,88
2011,MALE,HISPANIC,YAHIR,16,88
2011,MALE,HISPANIC,ZACHARY,16,88
2011,MALE,WHITE,AHARON,19,88
2011,MALE,WHITE,BRODY,19,88
2011,MALE,WHITE,CARTER,19,88
2011,MALE,WHITE,FRANCESCO,19,88
2011,MALE,WHITE,GRAYSON,19,88
2011,MALE,WHITE,LIPA,19,88
2011,MALE,WHITE,ROCCO,19,88
2011,MALE,HISPANIC,ALBERTO,15,89
2011,MALE,HISPANIC,ALFREDO,15,89
2011,MALE,HISPANIC,AUSTIN,15,89
2011,MALE,HISPANIC,DAMIEN,15,89
2011,MALE,HISPANIC,DENNIS,15,89
2011,MALE,HISPANIC,GUSTAVO,15,89
2011,MALE,HISPANIC,HUNTER,15,89
2011,MALE,HISPANIC,JONAH,15,89
2011,MALE,HISPANIC,MAXIMUS,15,89
2011,MALE,HISPANIC,PETER,15,89
2011,MALE,HISPANIC,RODRIGO,15,89
2011,MALE,HISPANIC,SHAWN,15,89
2011,MALE,WHITE,DEVIN,18,89
2011,MALE,WHITE,MOISHE,18,89
2011,MALE,WHITE,NAFTALI,18,89
2011,MALE,WHITE,NAFTULI,18,89
2011,MALE,WHITE,XAVIER,18,89
2011,MALE,HISPANIC,ABEL,14,90
2011,MALE,HISPANIC,ENRIQUE,14,90
2011,MALE,HISPANIC,FRANKLIN,14,90
2011,MALE,HISPANIC,JEFFERSON,14,90
2011,MALE,HISPANIC,JEREMIAS,14,90
2011,MALE,HISPANIC,JIMMY,14,90
2011,MALE,HISPANIC,JULIEN,14,90
2011,MALE,HISPANIC,LORENZO,14,90
2011,MALE,HISPANIC,LOUIS,14,90
2011,MALE,HISPANIC,PRESTON,14,90
2011,MALE,HISPANIC,PRINCE,14,90
2011,MALE,HISPANIC,ROMEO,14,90
2011,MALE,WHITE,AHRON,17,90
2011,MALE,WHITE,ILAN,17,90
2011,MALE,WHITE,MATEO,17,90
2011,MALE,WHITE,SHLOME,17,90
2011,MALE,WHITE,SHMIEL,17,90
2011,MALE,WHITE,YITZCHAK,17,90
2011,MALE,HISPANIC,ADEN,13,91
2011,MALE,HISPANIC,ALBERT,13,91
2011,MALE,HISPANIC,AVERY,13,91
2011,MALE,HISPANIC,CRISTOPHER,13,91
2011,MALE,HISPANIC,EMILIANO,13,91
2011,MALE,HISPANIC,ESTEBAN,13,91
2011,MALE,HISPANIC,FREDDY,13,91
2011,MALE,HISPANIC,GIOVANNY,13,91
2011,MALE,HISPANIC,IKER,13,91
2011,MALE,HISPANIC,KADEN,13,91
2011,MALE,HISPANIC,MAXIMILIANO,13,91
2011,MALE,HISPANIC,SERGIO,13,91
2011,MALE,HISPANIC,TRAVIS,13,91
2011,MALE,HISPANIC,YERIK,13,91
2011,MALE,HISPANIC,ZION,13,91
2011,MALE,WHITE,ANGELO,16,91
2011,MALE,WHITE,AUGUST,16,91
2011,MALE,WHITE,BORUCH,16,91
2011,MALE,WHITE,ELIMELECH,16,91
2011,MALE,WHITE,GREGORY,16,91
2011,MALE,WHITE,HARRY,16,91
2011,MALE,WHITE,ISAIAH,16,91
2011,MALE,WHITE,LUKAS,16,91
2011,MALE,WHITE,MARC,16,91
2011,MALE,WHITE,MARCO,16,91
2011,MALE,WHITE,PARKER,16,91
2011,MALE,WHITE,RAYAN,16,91
2011,MALE,WHITE,RYDER,16,91
2011,MALE,WHITE,SHEA,16,91
2011,MALE,HISPANIC,ABDIEL,12,92
2011,MALE,HISPANIC,EDDIE,12,92
2011,MALE,HISPANIC,FELIX,12,92
2011,MALE,HISPANIC,GERARDO,12,92
2011,MALE,HISPANIC,JAYCE,12,92
2011,MALE,HISPANIC,JOHANN,12,92
2011,MALE,HISPANIC,LEONEL,12,92
2011,MALE,HISPANIC,MAURICIO,12,92
2011,MALE,HISPANIC,MAXIMO,12,92
2011,MALE,HISPANIC,MELVIN,12,92
2011,MALE,HISPANIC,OWEN,12,92
2011,MALE,HISPANIC,PATRICK,12,92
2011,MALE,HISPANIC,YANDEL,12,92
2011,MALE,HISPANIC,YARIEL,12,92
2011,MALE,WHITE,ALBERT,15,92
2011,MALE,WHITE,AMIR,15,92
2011,MALE,WHITE,BRAYDEN,15,92
2011,MALE,WHITE,DOMINIC,15,92
2011,MALE,WHITE,GAVRIEL,15,92
2011,MALE,WHITE,KAI,15,92
2011,MALE,WHITE,PINCHAS,15,92
2011,MALE,WHITE,SHLOIME,15,92
2011,MALE,WHITE,SPENCER,15,92
2011,MALE,HISPANIC,ARMANDO,11,93
2011,MALE,HISPANIC,CRISTOFER,11,93
2011,MALE,HISPANIC,DERECK,11,93
2011,MALE,HISPANIC,EDISON,11,93
2011,MALE,HISPANIC,EZEKIEL,11,93
2011,MALE,HISPANIC,EZEQUIEL,11,93
2011,MALE,HISPANIC,JAIME,11,93
2011,MALE,HISPANIC,JANUEL,11,93
2011,MALE,HISPANIC,JENCARLOS,11,93
2011,MALE,HISPANIC,JERRY,11,93
2011,MALE,HISPANIC,LEO,11,93
2011,MALE,HISPANIC,LUKAS,11,93
2011,MALE,HISPANIC,ROBERTO,11,93
2011,MALE,HISPANIC,ROGER,11,93
2011,MALE,HISPANIC,ROYCE,11,93
2011,MALE,HISPANIC,WILSON,11,93
2011,MALE,WHITE,BINYOMIN,14,93
2011,MALE,WHITE,BLAKE,14,93
2011,MALE,WHITE,BRYAN,14,93
2011,MALE,WHITE,CHESKEL,14,93
2011,MALE,WHITE,EITAN,14,93
2011,MALE,WHITE,GRANT,14,93
2011,MALE,WHITE,HERSH,14,93
2011,MALE,WHITE,MARCUS,14,93
2011,MALE,WHITE,MAXIMUS,14,93
2011,MALE,WHITE,RILEY,14,93
2011,MALE,WHITE,YISRAEL,14,93
2011,MALE,WHITE,ZALMEN,14,93
2011,MALE,HISPANIC,ALDO,10,94
2011,MALE,HISPANIC,ALLAN,10,94
2011,MALE,HISPANIC,ALVIN,10,94
2011,MALE,HISPANIC,ANDRE,10,94
2011,MALE,HISPANIC,ARTURO,10,94
2011,MALE,HISPANIC,BRYCE,10,94
2011,MALE,HISPANIC,ELVIS,10,94
2011,MALE,HISPANIC,GIOVANI,10,94
2011,MALE,HISPANIC,JANIEL,10,94
2011,MALE,HISPANIC,JEANCARLOS,10,94
2011,MALE,HISPANIC,JESSE,10,94
2011,MALE,HISPANIC,LARRY,10,94
2011,MALE,HISPANIC,MARLON,10,94
2011,MALE,HISPANIC,SHANE,10,94
2011,MALE,HISPANIC,STEPHEN,10,94
2011,MALE,HISPANIC,STEVE,10,94
2011,MALE,HISPANIC,TAYLOR,10,94
2011,MALE,HISPANIC,TOMAS,10,94
2011,MALE,HISPANIC,YAIR,10,94
2011,MALE,HISPANIC,YANIEL,10,94
2011,MALE,WHITE,AMROM,13,94
2011,MALE,WHITE,BENZION,13,94
2011,MALE,WHITE,BRADY,13,94
2011,MALE,WHITE,CONOR,13,94
2011,MALE,WHITE,FILIP,13,94
2011,MALE,WHITE,IVAN,13,94
2011,MALE,WHITE,JUDE,13,94
2011,MALE,WHITE,KIERAN,13,94
2011,MALE,WHITE,LANDON,13,94
2011,MALE,WHITE,NICO,13,94
2011,MALE,WHITE,PINCHUS,13,94
2011,MALE,WHITE,QUINN,13,94
2011,MALE,WHITE,REID,13,94
2011,MALE,WHITE,SHLOIMY,13,94
2011,MALE,WHITE,VINCENZO,13,94
2011,MALE,WHITE,YIDA,13,94
2011,MALE,WHITE,AVI,12,95
2011,MALE,WHITE,BECKETT,12,95
2011,MALE,WHITE,DASHIELL,12,95
2011,MALE,WHITE,ELLIOTT,12,95
2011,MALE,WHITE,JESSE,12,95
2011,MALE,WHITE,MICAH,12,95
2011,MALE,WHITE,ROMAN,12,95
2011,MALE,WHITE,ROWAN,12,95
2011,MALE,WHITE,YOUSEF,12,95
2011,MALE,WHITE,ALEC,11,96
2011,MALE,WHITE,ALLEN,11,96
2011,MALE,WHITE,AVRUM,11,96
2011,MALE,WHITE,CARMINE,11,96
2011,MALE,WHITE,DENNIS,11,96
2011,MALE,WHITE,GREYSON,11,96
2011,MALE,WHITE,HUGO,11,96
2011,MALE,WHITE,KACPER,11,96
2011,MALE,WHITE,MAKSIM,11,96
2011,MALE,WHITE,MEILECH,11,96
2011,MALE,WHITE,MENASHE,11,96
2011,MALE,WHITE,MENDY,11,96
2011,MALE,WHITE,MORRIS,11,96
2011,MALE,WHITE,NOAM,11,96
2011,MALE,WHITE,NOLAN,11,96
2011,MALE,WHITE,SANTINO,11,96
2011,MALE,WHITE,SHALOM,11,96
2011,MALE,WHITE,SHNEUR,11,96
2011,MALE,WHITE,YASEEN,11,96
2011,MALE,WHITE,YECHEZKEL,11,96
2011,MALE,WHITE,YIDEL,11,96
2011,MALE,WHITE,YOUSSEF,11,96
2011,MALE,WHITE,ASHTON,10,97
2011,MALE,WHITE,AUGUSTUS,10,97
2011,MALE,WHITE,AYDEN,10,97
2011,MALE,WHITE,BENNETT,10,97
2011,MALE,WHITE,BERISH,10,97
2011,MALE,WHITE,BRYCE,10,97
2011,MALE,WHITE,CADEN,10,97
2011,MALE,WHITE,CALVIN,10,97
2011,MALE,WHITE,DEREK,10,97
2011,MALE,WHITE,ELLIS,10,97
2011,MALE,WHITE,KENNETH,10,97
2011,MALE,WHITE,LEV,10,97
2011,MALE,WHITE,MOHAMMED,10,97
2011,MALE,WHITE,NIKOLAS,10,97
2011,MALE,WHITE,NOSSON,10,97
2011,MALE,WHITE,REED,10,97
2011,MALE,WHITE,SAMIR,10,97
2011,MALE,WHITE,SHAUL,10,97
2011,MALE,WHITE,SIDNEY,10,97
2011,MALE,WHITE,SILAS,10,97
2011,MALE,WHITE,STEPHEN,10,97
2011,MALE,WHITE,WESLEY,10,97
2011,MALE,WHITE,YEHUDAH,10,97
2011,MALE,WHITE,YONAH,10,97